# Event: Bitcoin Up or Down - January 2, 8:15AM-8:30AM ET
# Slug: btc-updown-15m-1767359700
# Address: 0x6031b6eed1c97e853c6e0f03ad3ce3529351f96d
# Time Range: 2026-01-02 21:15:00 ~ 2026-01-02 21:30:00
# Price Symbol: BTCUSDC
# Total Trades: 17
#
timestamp,time_utc8,btcusdc_close,btc_delta,buy_up_size,buy_up_price,buy_down_size,buy_down_price,cum_up_size,cum_up_avg_cost,cum_down_size,cum_down_avg_cost,target_shares,target_price,cash_out_shares,cash_out_price,trade_count
1767359700,2026-01-02 21:15:00,89480.08,0.0,,,,,,,,,,,,,
1767359701,2026-01-02 21:15:01,89483.24,3.16,,,,,,,,,,,,,
1767359702,2026-01-02 21:15:02,89533.93,53.85,,,,,,,,,,,,,
1767359703,2026-01-02 21:15:03,89538.12,58.04,,,,,,,,,,,,,
1767359704,2026-01-02 21:15:04,89541.4,61.32,,,,,,,,,,,,,
1767359705,2026-01-02 21:15:05,89542.97,62.89,,,,,,,,,,,,,
1767359706,2026-01-02 21:15:06,89549.03,68.95,,,,,,,,,,,,,
1767359707,2026-01-02 21:15:07,89541.4,61.32,,,,,,,,,,,,,
1767359708,2026-01-02 21:15:08,89541.4,61.32,,,,,,,,,,,,,
1767359709,2026-01-02 21:15:09,89541.4,61.32,,,,,,,,,,,,,
1767359710,2026-01-02 21:15:10,89541.41,61.33,,,,,,,,,,,,,
1767359711,2026-01-02 21:15:11,89541.41,61.33,,,,,,,,,,,,,
1767359712,2026-01-02 21:15:12,89541.41,61.33,,,,,,,,,,,,,
1767359713,2026-01-02 21:15:13,89541.4,61.32,,,,,,,,,,,,,
1767359714,2026-01-02 21:15:14,89541.4,61.32,,,,,,,,,,,,,
1767359715,2026-01-02 21:15:15,89541.41,61.33,,,,,,,,,,,,,
1767359716,2026-01-02 21:15:16,89541.4,61.32,,,,,,,,,,,,,
1767359717,2026-01-02 21:15:17,89541.4,61.32,,,,,,,,,,,,,
1767359718,2026-01-02 21:15:18,89541.4,61.32,,,,,,,,,,,,,
1767359719,2026-01-02 21:15:19,89541.41,61.33,,,,,,,,,,,,,
1767359720,2026-01-02 21:15:20,89537.0,56.92,,,,,,,,,,,,,
1767359721,2026-01-02 21:15:21,89529.58,49.5,,,,,,,,,,,,,
1767359722,2026-01-02 21:15:22,89529.59,49.51,,,,,,,,,,,,,
1767359723,2026-01-02 21:15:23,89529.58,49.5,,,,,,,,,,,,,
1767359724,2026-01-02 21:15:24,89529.58,49.5,,,,,,,,,,,,,
1767359725,2026-01-02 21:15:25,89529.58,49.5,,,,,,,,,,,,,
1767359726,2026-01-02 21:15:26,89528.03,47.95,,,,,,,,,,,,,
1767359727,2026-01-02 21:15:27,89528.03,47.95,,,,,,,,,,,,,
1767359728,2026-01-02 21:15:28,89528.03,47.95,,,,,,,,,,,,,
1767359729,2026-01-02 21:15:29,89528.04,47.96,,,,,,,,,,,,,
1767359730,2026-01-02 21:15:30,89515.86,35.78,,,,,,,,,,,,,
1767359731,2026-01-02 21:15:31,89515.86,35.78,,,,,,,,,,,,,
1767359732,2026-01-02 21:15:32,89515.86,35.78,,,,,,,,,,,,,
1767359733,2026-01-02 21:15:33,89515.86,35.78,,,,,,,,,,,,,
1767359734,2026-01-02 21:15:34,89515.86,35.78,,,,,,,,,,,,,
1767359735,2026-01-02 21:15:35,89515.86,35.78,,,,,,,,,,,,,
1767359736,2026-01-02 21:15:36,89515.86,35.78,,,,,,,,,,,,,
1767359737,2026-01-02 21:15:37,89515.86,35.78,,,,,,,,,,,,,
1767359738,2026-01-02 21:15:38,89515.86,35.78,,,,,,,,,,,,,
1767359739,2026-01-02 21:15:39,89515.86,35.78,,,,,,,,,,,,,
1767359740,2026-01-02 21:15:40,89515.86,35.78,,,,,,,,,,,,,
1767359741,2026-01-02 21:15:41,89515.86,35.78,,,,,,,,,,,,,
1767359742,2026-01-02 21:15:42,89515.86,35.78,,,,,,,,,,,,,
1767359743,2026-01-02 21:15:43,89515.86,35.78,,,,,,,,,,,,,
1767359744,2026-01-02 21:15:44,89515.86,35.78,,,,,,,,,,,,,
1767359745,2026-01-02 21:15:45,89515.87,35.79,,,,,,,,,,,,,
1767359746,2026-01-02 21:15:46,89515.87,35.79,,,,,,,,,,,,,
1767359747,2026-01-02 21:15:47,89515.87,35.79,,,,,,,,,,,,,
1767359748,2026-01-02 21:15:48,89515.86,35.78,,,,,,,,,,,,,
1767359749,2026-01-02 21:15:49,89515.86,35.78,,,,,,,,,,,,,
1767359750,2026-01-02 21:15:50,89515.87,35.79,,,,,,,,,,,,,
1767359751,2026-01-02 21:15:51,89515.87,35.79,,,,,,,,,,,,,
1767359752,2026-01-02 21:15:52,89515.86,35.78,,,,,,,,,,,,,
1767359753,2026-01-02 21:15:53,89515.86,35.78,,,,,,,,,,,,,
1767359754,2026-01-02 21:15:54,89515.87,35.79,,,,,,,,,,,,,
1767359755,2026-01-02 21:15:55,89529.29,49.21,,,,,,,,,,,,,
1767359756,2026-01-02 21:15:56,89529.3,49.22,,,,,,,,,,,,,
1767359757,2026-01-02 21:15:57,89529.29,49.21,,,,,,,,,,,,,
1767359758,2026-01-02 21:15:58,89529.3,49.22,,,,,,,,,,,,,
1767359759,2026-01-02 21:15:59,89529.29,49.21,,,,,,,,,,,,,
1767359760,2026-01-02 21:16:00,89488.43,8.35,,,,,,,,,,,,,
1767359761,2026-01-02 21:16:01,89492.04,11.96,,,,,,,,,,,,,
1767359762,2026-01-02 21:16:02,89492.04,11.96,,,,,,,,,,,,,
1767359763,2026-01-02 21:16:03,89492.04,11.96,,,,,,,,,,,,,
1767359764,2026-01-02 21:16:04,89492.03,11.95,,,,,,,,,,,,,
1767359765,2026-01-02 21:16:05,89486.1,6.02,,,,,,,,,,,,,
1767359766,2026-01-02 21:16:06,89485.16,5.08,,,,,,,,,,,,,
1767359767,2026-01-02 21:16:07,89485.16,5.08,,,,,,,,,,,,,
1767359768,2026-01-02 21:16:08,89485.16,5.08,,,,,,,,,,,,,
1767359769,2026-01-02 21:16:09,89485.16,5.08,,,27.0,0.28,,,27.0,0.28,27.0,0.72,0.0,,1
1767359770,2026-01-02 21:16:10,89485.16,5.08,,,,,,,27.0,0.28,27.0,0.72,0.0,,
1767359771,2026-01-02 21:16:11,89485.16,5.08,,,,,,,27.0,0.28,27.0,0.72,0.0,,
1767359772,2026-01-02 21:16:12,89485.17,5.09,,,,,,,27.0,0.28,27.0,0.72,0.0,,
1767359773,2026-01-02 21:16:13,89485.17,5.09,,,,,,,27.0,0.28,27.0,0.72,0.0,,
1767359774,2026-01-02 21:16:14,89485.17,5.09,,,,,,,27.0,0.28,27.0,0.72,0.0,,
1767359775,2026-01-02 21:16:15,89485.17,5.09,,,,,,,27.0,0.28,27.0,0.72,0.0,,
1767359776,2026-01-02 21:16:16,89485.17,5.09,,,,,,,27.0,0.28,27.0,0.72,0.0,,
1767359777,2026-01-02 21:16:17,89485.17,5.09,,,,,,,27.0,0.28,27.0,0.72,0.0,,
1767359778,2026-01-02 21:16:18,89485.17,5.09,,,,,,,27.0,0.28,27.0,0.72,0.0,,
1767359779,2026-01-02 21:16:19,89485.17,5.09,,,,,,,27.0,0.28,27.0,0.72,0.0,,
1767359780,2026-01-02 21:16:20,89485.17,5.09,,,,,,,27.0,0.28,27.0,0.72,0.0,,
1767359781,2026-01-02 21:16:21,89485.17,5.09,,,,,,,27.0,0.28,27.0,0.72,0.0,,
1767359782,2026-01-02 21:16:22,89477.48,-2.6,,,,,,,27.0,0.28,27.0,0.72,0.0,,
1767359783,2026-01-02 21:16:23,89477.48,-2.6,,,,,,,27.0,0.28,27.0,0.72,0.0,,
1767359784,2026-01-02 21:16:24,89477.48,-2.6,,,,,,,27.0,0.28,27.0,0.72,0.0,,
1767359785,2026-01-02 21:16:25,89477.48,-2.6,,,,,,,27.0,0.28,27.0,0.72,0.0,,
1767359786,2026-01-02 21:16:26,89477.48,-2.6,,,,,,,27.0,0.28,27.0,0.72,0.0,,
1767359787,2026-01-02 21:16:27,89477.48,-2.6,,,,,,,27.0,0.28,27.0,0.72,0.0,,
1767359788,2026-01-02 21:16:28,89477.48,-2.6,,,,,,,27.0,0.28,27.0,0.72,0.0,,
1767359789,2026-01-02 21:16:29,89477.48,-2.6,,,,,,,27.0,0.28,27.0,0.72,0.0,,
1767359790,2026-01-02 21:16:30,89477.48,-2.6,,,,,,,27.0,0.28,27.0,0.72,0.0,,
1767359791,2026-01-02 21:16:31,89477.48,-2.6,,,,,,,27.0,0.28,27.0,0.72,0.0,,
1767359792,2026-01-02 21:16:32,89477.48,-2.6,,,,,,,27.0,0.28,27.0,0.72,0.0,,
1767359793,2026-01-02 21:16:33,89477.48,-2.6,,,,,,,27.0,0.28,27.0,0.72,0.0,,
1767359794,2026-01-02 21:16:34,89468.83,-11.25,,,,,,,27.0,0.28,27.0,0.72,0.0,,
1767359795,2026-01-02 21:16:35,89468.83,-11.25,,,,,,,27.0,0.28,27.0,0.72,0.0,,
1767359796,2026-01-02 21:16:36,89468.83,-11.25,,,,,,,27.0,0.28,27.0,0.72,0.0,,
1767359797,2026-01-02 21:16:37,89468.83,-11.25,,,,,,,27.0,0.28,27.0,0.72,0.0,,
1767359798,2026-01-02 21:16:38,89468.84,-11.24,,,,,,,27.0,0.28,27.0,0.72,0.0,,
1767359799,2026-01-02 21:16:39,89468.84,-11.24,,,,,,,27.0,0.28,27.0,0.72,0.0,,
1767359800,2026-01-02 21:16:40,89468.84,-11.24,,,,,,,27.0,0.28,27.0,0.72,0.0,,
1767359801,2026-01-02 21:16:41,89468.84,-11.24,,,,,,,27.0,0.28,27.0,0.72,0.0,,
1767359802,2026-01-02 21:16:42,89468.84,-11.24,,,,,,,27.0,0.28,27.0,0.72,0.0,,
1767359803,2026-01-02 21:16:43,89468.84,-11.24,,,,,,,27.0,0.28,27.0,0.72,0.0,,
1767359804,2026-01-02 21:16:44,89468.84,-11.24,,,,,,,27.0,0.28,27.0,0.72,0.0,,
1767359805,2026-01-02 21:16:45,89468.84,-11.24,,,,,,,27.0,0.28,27.0,0.72,0.0,,
1767359806,2026-01-02 21:16:46,89468.84,-11.24,,,,,,,27.0,0.28,27.0,0.72,0.0,,
1767359807,2026-01-02 21:16:47,89468.84,-11.24,,,,,,,27.0,0.28,27.0,0.72,0.0,,
1767359808,2026-01-02 21:16:48,89468.84,-11.24,,,,,,,27.0,0.28,27.0,0.72,0.0,,
1767359809,2026-01-02 21:16:49,89468.84,-11.24,,,,,,,27.0,0.28,27.0,0.72,0.0,,
1767359810,2026-01-02 21:16:50,89468.83,-11.25,,,,,,,27.0,0.28,27.0,0.72,0.0,,
1767359811,2026-01-02 21:16:51,89468.83,-11.25,,,,,,,27.0,0.28,27.0,0.72,0.0,,
1767359812,2026-01-02 21:16:52,89468.83,-11.25,,,,,,,27.0,0.28,27.0,0.72,0.0,,
1767359813,2026-01-02 21:16:53,89468.84,-11.24,,,,,,,27.0,0.28,27.0,0.72,0.0,,
1767359814,2026-01-02 21:16:54,89468.83,-11.25,,,,,,,27.0,0.28,27.0,0.72,0.0,,
1767359815,2026-01-02 21:16:55,89468.84,-11.24,,,,,,,27.0,0.28,27.0,0.72,0.0,,
1767359816,2026-01-02 21:16:56,89468.84,-11.24,,,,,,,27.0,0.28,27.0,0.72,0.0,,
1767359817,2026-01-02 21:16:57,89468.84,-11.24,,,,,,,27.0,0.28,27.0,0.72,0.0,,
1767359818,2026-01-02 21:16:58,89468.84,-11.24,,,,,,,27.0,0.28,27.0,0.72,0.0,,
1767359819,2026-01-02 21:16:59,89468.84,-11.24,,,,,,,27.0,0.28,27.0,0.72,0.0,,
1767359820,2026-01-02 21:17:00,89468.84,-11.24,,,,,,,27.0,0.28,27.0,0.72,0.0,,
1767359821,2026-01-02 21:17:01,89460.45,-19.63,,,,,,,27.0,0.28,27.0,0.72,0.0,,
1767359822,2026-01-02 21:17:02,89460.45,-19.63,,,,,,,27.0,0.28,27.0,0.72,0.0,,
1767359823,2026-01-02 21:17:03,89460.45,-19.63,,,,,,,27.0,0.28,27.0,0.72,0.0,,
1767359824,2026-01-02 21:17:04,89460.45,-19.63,,,,,,,27.0,0.28,27.0,0.72,0.0,,
1767359825,2026-01-02 21:17:05,89460.45,-19.63,,,,,,,27.0,0.28,27.0,0.72,0.0,,
1767359826,2026-01-02 21:17:06,89460.45,-19.63,,,,,,,27.0,0.28,27.0,0.72,0.0,,
1767359827,2026-01-02 21:17:07,89460.45,-19.63,,,,,,,27.0,0.28,27.0,0.72,0.0,,
1767359828,2026-01-02 21:17:08,89460.45,-19.63,,,,,,,27.0,0.28,27.0,0.72,0.0,,
1767359829,2026-01-02 21:17:09,89460.45,-19.63,,,,,,,27.0,0.28,27.0,0.72,0.0,,
1767359830,2026-01-02 21:17:10,89460.45,-19.63,,,,,,,27.0,0.28,27.0,0.72,0.0,,
1767359831,2026-01-02 21:17:11,89460.45,-19.63,,,,,,,27.0,0.28,27.0,0.72,0.0,,
1767359832,2026-01-02 21:17:12,89460.45,-19.63,,,,,,,27.0,0.28,27.0,0.72,0.0,,
1767359833,2026-01-02 21:17:13,89460.45,-19.63,,,,,,,27.0,0.28,27.0,0.72,0.0,,
1767359834,2026-01-02 21:17:14,89460.44,-19.64,,,,,,,27.0,0.28,27.0,0.72,0.0,,
1767359835,2026-01-02 21:17:15,89460.44,-19.64,,,,,,,27.0,0.28,27.0,0.72,0.0,,
1767359836,2026-01-02 21:17:16,89453.48,-26.6,,,,,,,27.0,0.28,27.0,0.72,0.0,,
1767359837,2026-01-02 21:17:17,89453.48,-26.6,,,10.05,0.33,,,37.05,0.2936,37.05,0.7064,0.0,,1
1767359838,2026-01-02 21:17:18,89453.49,-26.59,,,,,,,37.05,0.2936,37.05,0.7064,0.0,,
1767359839,2026-01-02 21:17:19,89453.49,-26.59,,,,,,,37.05,0.2936,37.05,0.7064,0.0,,
1767359840,2026-01-02 21:17:20,89448.3,-31.78,,,,,,,37.05,0.2936,37.05,0.7064,0.0,,
1767359841,2026-01-02 21:17:21,89448.3,-31.78,,,89.99,0.3499999999999999,,,127.03999999999999,0.3335,127.03999999999999,0.6665,0.0,,3
1767359842,2026-01-02 21:17:22,89448.3,-31.78,,,,,,,127.03999999999999,0.3335,127.03999999999999,0.6665,0.0,,
1767359843,2026-01-02 21:17:23,89448.3,-31.78,,,,,,,127.03999999999999,0.3335,127.03999999999999,0.6665,0.0,,
1767359844,2026-01-02 21:17:24,89448.3,-31.78,,,,,,,127.03999999999999,0.3335,127.03999999999999,0.6665,0.0,,
1767359845,2026-01-02 21:17:25,89447.99,-32.09,,,41.89,0.37,,,168.93,0.3426,168.93,0.6574,0.0,,2
1767359846,2026-01-02 21:17:26,89452.0,-28.08,,,,,,,168.93,0.3426,168.93,0.6574,0.0,,
1767359847,2026-01-02 21:17:27,89452.0,-28.08,,,,,,,168.93,0.3426,168.93,0.6574,0.0,,
1767359848,2026-01-02 21:17:28,89452.0,-28.08,,,,,,,168.93,0.3426,168.93,0.6574,0.0,,
1767359849,2026-01-02 21:17:29,89452.0,-28.08,,,,,,,168.93,0.3426,168.93,0.6574,0.0,,
1767359850,2026-01-02 21:17:30,89452.0,-28.08,,,,,,,168.93,0.3426,168.93,0.6574,0.0,,
1767359851,2026-01-02 21:17:31,89452.0,-28.08,,,,,,,168.93,0.3426,168.93,0.6574,0.0,,
1767359852,2026-01-02 21:17:32,89452.26,-27.82,,,,,,,168.93,0.3426,168.93,0.6574,0.0,,
1767359853,2026-01-02 21:17:33,89452.26,-27.82,,,,,,,168.93,0.3426,168.93,0.6574,0.0,,
1767359854,2026-01-02 21:17:34,89453.7,-26.38,,,,,,,168.93,0.3426,168.93,0.6574,0.0,,
1767359855,2026-01-02 21:17:35,89453.7,-26.38,,,,,,,168.93,0.3426,168.93,0.6574,0.0,,
1767359856,2026-01-02 21:17:36,89453.7,-26.38,,,,,,,168.93,0.3426,168.93,0.6574,0.0,,
1767359857,2026-01-02 21:17:37,89453.7,-26.38,,,,,,,168.93,0.3426,168.93,0.6574,0.0,,
1767359858,2026-01-02 21:17:38,89453.7,-26.38,,,,,,,168.93,0.3426,168.93,0.6574,0.0,,
1767359859,2026-01-02 21:17:39,89472.6,-7.48,,,,,,,168.93,0.3426,168.93,0.6574,0.0,,
1767359860,2026-01-02 21:17:40,89472.97,-7.11,,,,,,,168.93,0.3426,168.93,0.6574,0.0,,
1767359861,2026-01-02 21:17:41,89472.97,-7.11,,,,,,,168.93,0.3426,168.93,0.6574,0.0,,
1767359862,2026-01-02 21:17:42,89472.97,-7.11,,,,,,,168.93,0.3426,168.93,0.6574,0.0,,
1767359863,2026-01-02 21:17:43,89472.97,-7.11,,,,,,,168.93,0.3426,168.93,0.6574,0.0,,
1767359864,2026-01-02 21:17:44,89472.97,-7.11,,,,,,,168.93,0.3426,168.93,0.6574,0.0,,
1767359865,2026-01-02 21:17:45,89472.97,-7.11,,,,,,,168.93,0.3426,168.93,0.6574,0.0,,
1767359866,2026-01-02 21:17:46,89472.97,-7.11,,,,,,,168.93,0.3426,168.93,0.6574,0.0,,
1767359867,2026-01-02 21:17:47,89483.09,3.01,,,,,,,168.93,0.3426,168.93,0.6574,0.0,,
1767359868,2026-01-02 21:17:48,89483.1,3.02,,,,,,,168.93,0.3426,168.93,0.6574,0.0,,
1767359869,2026-01-02 21:17:49,89483.1,3.02,,,,,,,168.93,0.3426,168.93,0.6574,0.0,,
1767359870,2026-01-02 21:17:50,89489.99,9.91,,,,,,,168.93,0.3426,168.93,0.6574,0.0,,
1767359871,2026-01-02 21:17:51,89489.99,9.91,,,,,,,168.93,0.3426,168.93,0.6574,0.0,,
1767359872,2026-01-02 21:17:52,89489.99,9.91,,,,,,,168.93,0.3426,168.93,0.6574,0.0,,
1767359873,2026-01-02 21:17:53,89489.98,9.9,,,,,,,168.93,0.3426,168.93,0.6574,0.0,,
1767359874,2026-01-02 21:17:54,89489.98,9.9,,,,,,,168.93,0.3426,168.93,0.6574,0.0,,
1767359875,2026-01-02 21:17:55,89489.99,9.91,,,,,,,168.93,0.3426,168.93,0.6574,0.0,,
1767359876,2026-01-02 21:17:56,89489.99,9.91,,,,,,,168.93,0.3426,168.93,0.6574,0.0,,
1767359877,2026-01-02 21:17:57,89489.99,9.91,,,,,,,168.93,0.3426,168.93,0.6574,0.0,,
1767359878,2026-01-02 21:17:58,89489.99,9.91,,,,,,,168.93,0.3426,168.93,0.6574,0.0,,
1767359879,2026-01-02 21:17:59,89489.99,9.91,,,,,,,168.93,0.3426,168.93,0.6574,0.0,,
1767359880,2026-01-02 21:18:00,89489.99,9.91,,,,,,,168.93,0.3426,168.93,0.6574,0.0,,
1767359881,2026-01-02 21:18:01,89489.99,9.91,,,,,,,168.93,0.3426,168.93,0.6574,0.0,,
1767359882,2026-01-02 21:18:02,89498.92,18.84,,,,,,,168.93,0.3426,168.93,0.6574,0.0,,
1767359883,2026-01-02 21:18:03,89498.92,18.84,,,,,,,168.93,0.3426,168.93,0.6574,0.0,,
1767359884,2026-01-02 21:18:04,89510.97,30.89,,,,,,,168.93,0.3426,168.93,0.6574,0.0,,
1767359885,2026-01-02 21:18:05,89510.97,30.89,,,,,,,168.93,0.3426,168.93,0.6574,0.0,,
1767359886,2026-01-02 21:18:06,89510.97,30.89,,,,,,,168.93,0.3426,168.93,0.6574,0.0,,
1767359887,2026-01-02 21:18:07,89510.97,30.89,,,,,,,168.93,0.3426,168.93,0.6574,0.0,,
1767359888,2026-01-02 21:18:08,89515.86,35.78,,,,,,,168.93,0.3426,168.93,0.6574,0.0,,
1767359889,2026-01-02 21:18:09,89515.86,35.78,,,,,,,168.93,0.3426,168.93,0.6574,0.0,,
1767359890,2026-01-02 21:18:10,89515.86,35.78,,,,,,,168.93,0.3426,168.93,0.6574,0.0,,
1767359891,2026-01-02 21:18:11,89515.85,35.77,,,,,,,168.93,0.3426,168.93,0.6574,0.0,,
1767359892,2026-01-02 21:18:12,89515.86,35.78,,,,,,,168.93,0.3426,168.93,0.6574,0.0,,
1767359893,2026-01-02 21:18:13,89515.86,35.78,,,,,,,168.93,0.3426,168.93,0.6574,0.0,,
1767359894,2026-01-02 21:18:14,89515.86,35.78,,,,,,,168.93,0.3426,168.93,0.6574,0.0,,
1767359895,2026-01-02 21:18:15,89515.86,35.78,,,,,,,168.93,0.3426,168.93,0.6574,0.0,,
1767359896,2026-01-02 21:18:16,89515.86,35.78,,,,,,,168.93,0.3426,168.93,0.6574,0.0,,
1767359897,2026-01-02 21:18:17,89515.86,35.78,,,,,,,168.93,0.3426,168.93,0.6574,0.0,,
1767359898,2026-01-02 21:18:18,89515.86,35.78,,,,,,,168.93,0.3426,168.93,0.6574,0.0,,
1767359899,2026-01-02 21:18:19,89515.85,35.77,,,,,,,168.93,0.3426,168.93,0.6574,0.0,,
1767359900,2026-01-02 21:18:20,89515.85,35.77,,,,,,,168.93,0.3426,168.93,0.6574,0.0,,
1767359901,2026-01-02 21:18:21,89515.86,35.78,,,,,,,168.93,0.3426,168.93,0.6574,0.0,,
1767359902,2026-01-02 21:18:22,89515.86,35.78,,,,,,,168.93,0.3426,168.93,0.6574,0.0,,
1767359903,2026-01-02 21:18:23,89515.86,35.78,,,,,,,168.93,0.3426,168.93,0.6574,0.0,,
1767359904,2026-01-02 21:18:24,89515.86,35.78,,,,,,,168.93,0.3426,168.93,0.6574,0.0,,
1767359905,2026-01-02 21:18:25,89515.86,35.78,,,,,,,168.93,0.3426,168.93,0.6574,0.0,,
1767359906,2026-01-02 21:18:26,89515.86,35.78,,,,,,,168.93,0.3426,168.93,0.6574,0.0,,
1767359907,2026-01-02 21:18:27,89515.86,35.78,,,,,,,168.93,0.3426,168.93,0.6574,0.0,,
1767359908,2026-01-02 21:18:28,89515.86,35.78,,,,,,,168.93,0.3426,168.93,0.6574,0.0,,
1767359909,2026-01-02 21:18:29,89512.46,32.38,,,,,,,168.93,0.3426,168.93,0.6574,0.0,,
1767359910,2026-01-02 21:18:30,89509.5,29.42,,,,,,,168.93,0.3426,168.93,0.6574,0.0,,
1767359911,2026-01-02 21:18:31,89509.5,29.42,,,,,,,168.93,0.3426,168.93,0.6574,0.0,,
1767359912,2026-01-02 21:18:32,89509.51,29.43,,,,,,,168.93,0.3426,168.93,0.6574,0.0,,
1767359913,2026-01-02 21:18:33,89509.51,29.43,,,,,,,168.93,0.3426,168.93,0.6574,0.0,,
1767359914,2026-01-02 21:18:34,89509.51,29.43,,,,,,,168.93,0.3426,168.93,0.6574,0.0,,
1767359915,2026-01-02 21:18:35,89509.5,29.42,,,,,,,168.93,0.3426,168.93,0.6574,0.0,,
1767359916,2026-01-02 21:18:36,89509.5,29.42,,,,,,,168.93,0.3426,168.93,0.6574,0.0,,
1767359917,2026-01-02 21:18:37,89509.5,29.42,,,,,,,168.93,0.3426,168.93,0.6574,0.0,,
1767359918,2026-01-02 21:18:38,89509.51,29.43,,,,,,,168.93,0.3426,168.93,0.6574,0.0,,
1767359919,2026-01-02 21:18:39,89509.51,29.43,,,,,,,168.93,0.3426,168.93,0.6574,0.0,,
1767359920,2026-01-02 21:18:40,89509.51,29.43,,,,,,,168.93,0.3426,168.93,0.6574,0.0,,
1767359921,2026-01-02 21:18:41,89509.51,29.43,,,,,,,168.93,0.3426,168.93,0.6574,0.0,,
1767359922,2026-01-02 21:18:42,89509.51,29.43,,,,,,,168.93,0.3426,168.93,0.6574,0.0,,
1767359923,2026-01-02 21:18:43,89509.51,29.43,,,,,,,168.93,0.3426,168.93,0.6574,0.0,,
1767359924,2026-01-02 21:18:44,89509.51,29.43,,,,,,,168.93,0.3426,168.93,0.6574,0.0,,
1767359925,2026-01-02 21:18:45,89509.5,29.42,,,,,,,168.93,0.3426,168.93,0.6574,0.0,,
1767359926,2026-01-02 21:18:46,89509.5,29.42,,,,,,,168.93,0.3426,168.93,0.6574,0.0,,
1767359927,2026-01-02 21:18:47,89499.91,19.83,,,,,,,168.93,0.3426,168.93,0.6574,0.0,,
1767359928,2026-01-02 21:18:48,89499.91,19.83,,,,,,,168.93,0.3426,168.93,0.6574,0.0,,
1767359929,2026-01-02 21:18:49,89499.91,19.83,,,,,,,168.93,0.3426,168.93,0.6574,0.0,,
1767359930,2026-01-02 21:18:50,89499.92,19.84,,,,,,,168.93,0.3426,168.93,0.6574,0.0,,
1767359931,2026-01-02 21:18:51,89499.92,19.84,,,,,,,168.93,0.3426,168.93,0.6574,0.0,,
1767359932,2026-01-02 21:18:52,89499.92,19.84,,,,,,,168.93,0.3426,168.93,0.6574,0.0,,
1767359933,2026-01-02 21:18:53,89499.92,19.84,,,,,,,168.93,0.3426,168.93,0.6574,0.0,,
1767359934,2026-01-02 21:18:54,89499.91,19.83,,,,,,,168.93,0.3426,168.93,0.6574,0.0,,
1767359935,2026-01-02 21:18:55,89499.91,19.83,,,,,,,168.93,0.3426,168.93,0.6574,0.0,,
1767359936,2026-01-02 21:18:56,89499.92,19.84,,,,,,,168.93,0.3426,168.93,0.6574,0.0,,
1767359937,2026-01-02 21:18:57,89499.92,19.84,,,,,,,168.93,0.3426,168.93,0.6574,0.0,,
1767359938,2026-01-02 21:18:58,89506.25,26.17,,,,,,,168.93,0.3426,168.93,0.6574,0.0,,
1767359939,2026-01-02 21:18:59,89509.0,28.92,,,,,,,168.93,0.3426,168.93,0.6574,0.0,,
1767359940,2026-01-02 21:19:00,89509.0,28.92,,,,,,,168.93,0.3426,168.93,0.6574,0.0,,
1767359941,2026-01-02 21:19:01,89509.0,28.92,,,,,,,168.93,0.3426,168.93,0.6574,0.0,,
1767359942,2026-01-02 21:19:02,89508.99,28.91,,,,,,,168.93,0.3426,168.93,0.6574,0.0,,
1767359943,2026-01-02 21:19:03,89508.99,28.91,,,,,,,168.93,0.3426,168.93,0.6574,0.0,,
1767359944,2026-01-02 21:19:04,89509.0,28.92,,,,,,,168.93,0.3426,168.93,0.6574,0.0,,
1767359945,2026-01-02 21:19:05,89508.99,28.91,,,,,,,168.93,0.3426,168.93,0.6574,0.0,,
1767359946,2026-01-02 21:19:06,89508.99,28.91,,,,,,,168.93,0.3426,168.93,0.6574,0.0,,
1767359947,2026-01-02 21:19:07,89509.0,28.92,,,,,,,168.93,0.3426,168.93,0.6574,0.0,,
1767359948,2026-01-02 21:19:08,89509.0,28.92,,,,,,,168.93,0.3426,168.93,0.6574,0.0,,
1767359949,2026-01-02 21:19:09,89509.0,28.92,,,,,,,168.93,0.3426,168.93,0.6574,0.0,,
1767359950,2026-01-02 21:19:10,89509.0,28.92,,,,,,,168.93,0.3426,168.93,0.6574,0.0,,
1767359951,2026-01-02 21:19:11,89509.0,28.92,,,,,,,168.93,0.3426,168.93,0.6574,0.0,,
1767359952,2026-01-02 21:19:12,89509.0,28.92,,,,,,,168.93,0.3426,168.93,0.6574,0.0,,
1767359953,2026-01-02 21:19:13,89509.0,28.92,,,,,,,168.93,0.3426,168.93,0.6574,0.0,,
1767359954,2026-01-02 21:19:14,89509.0,28.92,,,,,,,168.93,0.3426,168.93,0.6574,0.0,,
1767359955,2026-01-02 21:19:15,89508.99,28.91,,,,,,,168.93,0.3426,168.93,0.6574,0.0,,
1767359956,2026-01-02 21:19:16,89508.99,28.91,,,,,,,168.93,0.3426,168.93,0.6574,0.0,,
1767359957,2026-01-02 21:19:17,89508.99,28.91,,,,,,,168.93,0.3426,168.93,0.6574,0.0,,
1767359958,2026-01-02 21:19:18,89508.99,28.91,,,,,,,168.93,0.3426,168.93,0.6574,0.0,,
1767359959,2026-01-02 21:19:19,89508.99,28.91,,,,,,,168.93,0.3426,168.93,0.6574,0.0,,
1767359960,2026-01-02 21:19:20,89508.99,28.91,,,,,,,168.93,0.3426,168.93,0.6574,0.0,,
1767359961,2026-01-02 21:19:21,89508.99,28.91,,,,,,,168.93,0.3426,168.93,0.6574,0.0,,
1767359962,2026-01-02 21:19:22,89509.0,28.92,,,,,,,168.93,0.3426,168.93,0.6574,0.0,,
1767359963,2026-01-02 21:19:23,89509.0,28.92,,,,,,,168.93,0.3426,168.93,0.6574,0.0,,
1767359964,2026-01-02 21:19:24,89509.0,28.92,,,,,,,168.93,0.3426,168.93,0.6574,0.0,,
1767359965,2026-01-02 21:19:25,89508.99,28.91,,,,,,,168.93,0.3426,168.93,0.6574,0.0,,
1767359966,2026-01-02 21:19:26,89508.99,28.91,,,,,,,168.93,0.3426,168.93,0.6574,0.0,,
1767359967,2026-01-02 21:19:27,89508.99,28.91,,,,,,,168.93,0.3426,168.93,0.6574,0.0,,
1767359968,2026-01-02 21:19:28,89508.99,28.91,,,,,,,168.93,0.3426,168.93,0.6574,0.0,,
1767359969,2026-01-02 21:19:29,89508.99,28.91,,,,,,,168.93,0.3426,168.93,0.6574,0.0,,
1767359970,2026-01-02 21:19:30,89508.99,28.91,,,,,,,168.93,0.3426,168.93,0.6574,0.0,,
1767359971,2026-01-02 21:19:31,89508.99,28.91,,,,,,,168.93,0.3426,168.93,0.6574,0.0,,
1767359972,2026-01-02 21:19:32,89508.99,28.91,,,,,,,168.93,0.3426,168.93,0.6574,0.0,,
1767359973,2026-01-02 21:19:33,89508.99,28.91,,,,,,,168.93,0.3426,168.93,0.6574,0.0,,
1767359974,2026-01-02 21:19:34,89508.99,28.91,,,,,,,168.93,0.3426,168.93,0.6574,0.0,,
1767359975,2026-01-02 21:19:35,89520.33,40.25,,,,,,,168.93,0.3426,168.93,0.6574,0.0,,
1767359976,2026-01-02 21:19:36,89527.0,46.92,,,,,,,168.93,0.3426,168.93,0.6574,0.0,,
1767359977,2026-01-02 21:19:37,89527.0,46.92,,,,,,,168.93,0.3426,168.93,0.6574,0.0,,
1767359978,2026-01-02 21:19:38,89527.0,46.92,,,,,,,168.93,0.3426,168.93,0.6574,0.0,,
1767359979,2026-01-02 21:19:39,89527.0,46.92,,,,,,,168.93,0.3426,168.93,0.6574,0.0,,
1767359980,2026-01-02 21:19:40,89538.26,58.18,,,,,,,168.93,0.3426,168.93,0.6574,0.0,,
1767359981,2026-01-02 21:19:41,89538.25,58.17,3.87,0.87,,,3.87,0.87,168.93,0.3426,165.06,0.6574,3.87,1.2126,1
1767359982,2026-01-02 21:19:42,89538.25,58.17,,,,,3.87,0.87,168.93,0.3426,165.06,0.6574,3.87,1.2126,
1767359983,2026-01-02 21:19:43,89538.25,58.17,,,,,3.87,0.87,168.93,0.3426,165.06,0.6574,3.87,1.2126,
1767359984,2026-01-02 21:19:44,89538.25,58.17,,,,,3.87,0.87,168.93,0.3426,165.06,0.6574,3.87,1.2126,
1767359985,2026-01-02 21:19:45,89538.2,58.12,,,,,3.87,0.87,168.93,0.3426,165.06,0.6574,3.87,1.2126,
1767359986,2026-01-02 21:19:46,89538.2,58.12,,,,,3.87,0.87,168.93,0.3426,165.06,0.6574,3.87,1.2126,
1767359987,2026-01-02 21:19:47,89538.2,58.12,,,,,3.87,0.87,168.93,0.3426,165.06,0.6574,3.87,1.2126,
1767359988,2026-01-02 21:19:48,89538.2,58.12,,,,,3.87,0.87,168.93,0.3426,165.06,0.6574,3.87,1.2126,
1767359989,2026-01-02 21:19:49,89538.2,58.12,,,,,3.87,0.87,168.93,0.3426,165.06,0.6574,3.87,1.2126,
1767359990,2026-01-02 21:19:50,89541.41,61.33,,,,,3.87,0.87,168.93,0.3426,165.06,0.6574,3.87,1.2126,
1767359991,2026-01-02 21:19:51,89550.0,69.92,,,,,3.87,0.87,168.93,0.3426,165.06,0.6574,3.87,1.2126,
1767359992,2026-01-02 21:19:52,89550.0,69.92,,,,,3.87,0.87,168.93,0.3426,165.06,0.6574,3.87,1.2126,
1767359993,2026-01-02 21:19:53,89550.0,69.92,,,,,3.87,0.87,168.93,0.3426,165.06,0.6574,3.87,1.2126,
1767359994,2026-01-02 21:19:54,89549.99,69.91,,,,,3.87,0.87,168.93,0.3426,165.06,0.6574,3.87,1.2126,
1767359995,2026-01-02 21:19:55,89549.99,69.91,60.0,0.89,,,63.87,0.8888,168.93,0.3426,105.06,0.6574,63.87,1.2314,2
1767359996,2026-01-02 21:19:56,89550.0,69.92,,,,,63.87,0.8888,168.93,0.3426,105.06,0.6574,63.87,1.2314,
1767359997,2026-01-02 21:19:57,89550.0,69.92,,,,,63.87,0.8888,168.93,0.3426,105.06,0.6574,63.87,1.2314,
1767359998,2026-01-02 21:19:58,89560.94,80.86,,,,,63.87,0.8888,168.93,0.3426,105.06,0.6574,63.87,1.2314,
1767359999,2026-01-02 21:19:59,89559.02,78.94,,,,,63.87,0.8888,168.93,0.3426,105.06,0.6574,63.87,1.2314,
1767360000,2026-01-02 21:20:00,89572.3,92.22,,,,,63.87,0.8888,168.93,0.3426,105.06,0.6574,63.87,1.2314,
1767360001,2026-01-02 21:20:01,89572.01,91.93,,,,,63.87,0.8888,168.93,0.3426,105.06,0.6574,63.87,1.2314,
1767360002,2026-01-02 21:20:02,89583.6,103.52,,,,,63.87,0.8888,168.93,0.3426,105.06,0.6574,63.87,1.2314,
1767360003,2026-01-02 21:20:03,89593.35,113.27,,,,,63.87,0.8888,168.93,0.3426,105.06,0.6574,63.87,1.2314,
1767360004,2026-01-02 21:20:04,89615.72,135.64,,,,,63.87,0.8888,168.93,0.3426,105.06,0.6574,63.87,1.2314,
1767360005,2026-01-02 21:20:05,89598.01,117.93,,,,,63.87,0.8888,168.93,0.3426,105.06,0.6574,63.87,1.2314,
1767360006,2026-01-02 21:20:06,89598.79,118.71,,,,,63.87,0.8888,168.93,0.3426,105.06,0.6574,63.87,1.2314,
1767360007,2026-01-02 21:20:07,89600.0,119.92,,,,,63.87,0.8888,168.93,0.3426,105.06,0.6574,63.87,1.2314,
1767360008,2026-01-02 21:20:08,89599.0,118.92,,,,,63.87,0.8888,168.93,0.3426,105.06,0.6574,63.87,1.2314,
1767360009,2026-01-02 21:20:09,89596.22,116.14,,,,,63.87,0.8888,168.93,0.3426,105.06,0.6574,63.87,1.2314,
1767360010,2026-01-02 21:20:10,89596.22,116.14,,,,,63.87,0.8888,168.93,0.3426,105.06,0.6574,63.87,1.2314,
1767360011,2026-01-02 21:20:11,89596.22,116.14,,,90.0,0.08,63.87,0.8888,258.93,0.2513,195.06,0.7487,63.87,1.1401,3
1767360012,2026-01-02 21:20:12,89596.23,116.15,,,,,63.87,0.8888,258.93,0.2513,195.06,0.7487,63.87,1.1401,
1767360013,2026-01-02 21:20:13,89608.92,128.84,,,,,63.87,0.8888,258.93,0.2513,195.06,0.7487,63.87,1.1401,
1767360014,2026-01-02 21:20:14,89596.23,116.15,,,,,63.87,0.8888,258.93,0.2513,195.06,0.7487,63.87,1.1401,
1767360015,2026-01-02 21:20:15,89596.23,116.15,,,,,63.87,0.8888,258.93,0.2513,195.06,0.7487,63.87,1.1401,
1767360016,2026-01-02 21:20:16,89596.22,116.14,,,,,63.87,0.8888,258.93,0.2513,195.06,0.7487,63.87,1.1401,
1767360017,2026-01-02 21:20:17,89596.23,116.15,,,,,63.87,0.8888,258.93,0.2513,195.06,0.7487,63.87,1.1401,
1767360018,2026-01-02 21:20:18,89596.23,116.15,,,,,63.87,0.8888,258.93,0.2513,195.06,0.7487,63.87,1.1401,
1767360019,2026-01-02 21:20:19,89596.23,116.15,,,,,63.87,0.8888,258.93,0.2513,195.06,0.7487,63.87,1.1401,
1767360020,2026-01-02 21:20:20,89596.23,116.15,,,,,63.87,0.8888,258.93,0.2513,195.06,0.7487,63.87,1.1401,
1767360021,2026-01-02 21:20:21,89596.23,116.15,,,,,63.87,0.8888,258.93,0.2513,195.06,0.7487,63.87,1.1401,
1767360022,2026-01-02 21:20:22,89596.23,116.15,,,,,63.87,0.8888,258.93,0.2513,195.06,0.7487,63.87,1.1401,
1767360023,2026-01-02 21:20:23,89596.23,116.15,,,,,63.87,0.8888,258.93,0.2513,195.06,0.7487,63.87,1.1401,
1767360024,2026-01-02 21:20:24,89596.22,116.14,,,,,63.87,0.8888,258.93,0.2513,195.06,0.7487,63.87,1.1401,
1767360025,2026-01-02 21:20:25,89599.41,119.33,,,,,63.87,0.8888,258.93,0.2513,195.06,0.7487,63.87,1.1401,
1767360026,2026-01-02 21:20:26,89599.4,119.32,,,,,63.87,0.8888,258.93,0.2513,195.06,0.7487,63.87,1.1401,
1767360027,2026-01-02 21:20:27,89599.4,119.32,,,,,63.87,0.8888,258.93,0.2513,195.06,0.7487,63.87,1.1401,
1767360028,2026-01-02 21:20:28,89597.98,117.9,,,,,63.87,0.8888,258.93,0.2513,195.06,0.7487,63.87,1.1401,
1767360029,2026-01-02 21:20:29,89597.98,117.9,,,,,63.87,0.8888,258.93,0.2513,195.06,0.7487,63.87,1.1401,
1767360030,2026-01-02 21:20:30,89595.78,115.7,,,,,63.87,0.8888,258.93,0.2513,195.06,0.7487,63.87,1.1401,
1767360031,2026-01-02 21:20:31,89591.41,111.33,,,,,63.87,0.8888,258.93,0.2513,195.06,0.7487,63.87,1.1401,
1767360032,2026-01-02 21:20:32,89582.2,102.12,,,,,63.87,0.8888,258.93,0.2513,195.06,0.7487,63.87,1.1401,
1767360033,2026-01-02 21:20:33,89569.8,89.72,,,,,63.87,0.8888,258.93,0.2513,195.06,0.7487,63.87,1.1401,
1767360034,2026-01-02 21:20:34,89569.81,89.73,,,,,63.87,0.8888,258.93,0.2513,195.06,0.7487,63.87,1.1401,
1767360035,2026-01-02 21:20:35,89569.81,89.73,,,,,63.87,0.8888,258.93,0.2513,195.06,0.7487,63.87,1.1401,
1767360036,2026-01-02 21:20:36,89559.01,78.93,,,,,63.87,0.8888,258.93,0.2513,195.06,0.7487,63.87,1.1401,
1767360037,2026-01-02 21:20:37,89559.01,78.93,,,,,63.87,0.8888,258.93,0.2513,195.06,0.7487,63.87,1.1401,
1767360038,2026-01-02 21:20:38,89559.01,78.93,,,,,63.87,0.8888,258.93,0.2513,195.06,0.7487,63.87,1.1401,
1767360039,2026-01-02 21:20:39,89559.01,78.93,,,,,63.87,0.8888,258.93,0.2513,195.06,0.7487,63.87,1.1401,
1767360040,2026-01-02 21:20:40,89559.01,78.93,,,,,63.87,0.8888,258.93,0.2513,195.06,0.7487,63.87,1.1401,
1767360041,2026-01-02 21:20:41,89559.01,78.93,,,,,63.87,0.8888,258.93,0.2513,195.06,0.7487,63.87,1.1401,
1767360042,2026-01-02 21:20:42,89559.01,78.93,,,,,63.87,0.8888,258.93,0.2513,195.06,0.7487,63.87,1.1401,
1767360043,2026-01-02 21:20:43,89559.01,78.93,,,,,63.87,0.8888,258.93,0.2513,195.06,0.7487,63.87,1.1401,
1767360044,2026-01-02 21:20:44,89559.01,78.93,,,,,63.87,0.8888,258.93,0.2513,195.06,0.7487,63.87,1.1401,
1767360045,2026-01-02 21:20:45,89544.86,64.78,,,,,63.87,0.8888,258.93,0.2513,195.06,0.7487,63.87,1.1401,
1767360046,2026-01-02 21:20:46,89544.86,64.78,,,,,63.87,0.8888,258.93,0.2513,195.06,0.7487,63.87,1.1401,
1767360047,2026-01-02 21:20:47,89528.36,48.28,,,,,63.87,0.8888,258.93,0.2513,195.06,0.7487,63.87,1.1401,
1767360048,2026-01-02 21:20:48,89528.36,48.28,,,,,63.87,0.8888,258.93,0.2513,195.06,0.7487,63.87,1.1401,
1767360049,2026-01-02 21:20:49,89528.36,48.28,,,,,63.87,0.8888,258.93,0.2513,195.06,0.7487,63.87,1.1401,
1767360050,2026-01-02 21:20:50,89528.36,48.28,,,,,63.87,0.8888,258.93,0.2513,195.06,0.7487,63.87,1.1401,
1767360051,2026-01-02 21:20:51,89535.9,55.82,,,,,63.87,0.8888,258.93,0.2513,195.06,0.7487,63.87,1.1401,
1767360052,2026-01-02 21:20:52,89544.05,63.97,,,,,63.87,0.8888,258.93,0.2513,195.06,0.7487,63.87,1.1401,
1767360053,2026-01-02 21:20:53,89544.06,63.98,,,,,63.87,0.8888,258.93,0.2513,195.06,0.7487,63.87,1.1401,
1767360054,2026-01-02 21:20:54,89544.06,63.98,,,,,63.87,0.8888,258.93,0.2513,195.06,0.7487,63.87,1.1401,
1767360055,2026-01-02 21:20:55,89538.0,57.92,,,,,63.87,0.8888,258.93,0.2513,195.06,0.7487,63.87,1.1401,
1767360056,2026-01-02 21:20:56,89544.72,64.64,,,,,63.87,0.8888,258.93,0.2513,195.06,0.7487,63.87,1.1401,
1767360057,2026-01-02 21:20:57,89544.71,64.63,,,,,63.87,0.8888,258.93,0.2513,195.06,0.7487,63.87,1.1401,
1767360058,2026-01-02 21:20:58,89544.71,64.63,,,,,63.87,0.8888,258.93,0.2513,195.06,0.7487,63.87,1.1401,
1767360059,2026-01-02 21:20:59,89544.71,64.63,,,,,63.87,0.8888,258.93,0.2513,195.06,0.7487,63.87,1.1401,
1767360060,2026-01-02 21:21:00,89544.71,64.63,,,,,63.87,0.8888,258.93,0.2513,195.06,0.7487,63.87,1.1401,
1767360061,2026-01-02 21:21:01,89544.71,64.63,,,,,63.87,0.8888,258.93,0.2513,195.06,0.7487,63.87,1.1401,
1767360062,2026-01-02 21:21:02,89532.0,51.92,,,,,63.87,0.8888,258.93,0.2513,195.06,0.7487,63.87,1.1401,
1767360063,2026-01-02 21:21:03,89532.0,51.92,,,,,63.87,0.8888,258.93,0.2513,195.06,0.7487,63.87,1.1401,
1767360064,2026-01-02 21:21:04,89539.0,58.92,,,,,63.87,0.8888,258.93,0.2513,195.06,0.7487,63.87,1.1401,
1767360065,2026-01-02 21:21:05,89539.0,58.92,,,,,63.87,0.8888,258.93,0.2513,195.06,0.7487,63.87,1.1401,
1767360066,2026-01-02 21:21:06,89539.0,58.92,,,,,63.87,0.8888,258.93,0.2513,195.06,0.7487,63.87,1.1401,
1767360067,2026-01-02 21:21:07,89538.99,58.91,,,,,63.87,0.8888,258.93,0.2513,195.06,0.7487,63.87,1.1401,
1767360068,2026-01-02 21:21:08,89538.99,58.91,,,,,63.87,0.8888,258.93,0.2513,195.06,0.7487,63.87,1.1401,
1767360069,2026-01-02 21:21:09,89539.0,58.92,,,,,63.87,0.8888,258.93,0.2513,195.06,0.7487,63.87,1.1401,
1767360070,2026-01-02 21:21:10,89539.0,58.92,,,,,63.87,0.8888,258.93,0.2513,195.06,0.7487,63.87,1.1401,
1767360071,2026-01-02 21:21:11,89539.0,58.92,,,,,63.87,0.8888,258.93,0.2513,195.06,0.7487,63.87,1.1401,
1767360072,2026-01-02 21:21:12,89538.99,58.91,,,,,63.87,0.8888,258.93,0.2513,195.06,0.7487,63.87,1.1401,
1767360073,2026-01-02 21:21:13,89538.99,58.91,,,,,63.87,0.8888,258.93,0.2513,195.06,0.7487,63.87,1.1401,
1767360074,2026-01-02 21:21:14,89559.0,78.92,,,,,63.87,0.8888,258.93,0.2513,195.06,0.7487,63.87,1.1401,
1767360075,2026-01-02 21:21:15,89560.81,80.73,,,,,63.87,0.8888,258.93,0.2513,195.06,0.7487,63.87,1.1401,
1767360076,2026-01-02 21:21:16,89560.81,80.73,,,,,63.87,0.8888,258.93,0.2513,195.06,0.7487,63.87,1.1401,
1767360077,2026-01-02 21:21:17,89560.81,80.73,,,,,63.87,0.8888,258.93,0.2513,195.06,0.7487,63.87,1.1401,
1767360078,2026-01-02 21:21:18,89560.81,80.73,,,,,63.87,0.8888,258.93,0.2513,195.06,0.7487,63.87,1.1401,
1767360079,2026-01-02 21:21:19,89560.81,80.73,,,,,63.87,0.8888,258.93,0.2513,195.06,0.7487,63.87,1.1401,
1767360080,2026-01-02 21:21:20,89560.81,80.73,,,,,63.87,0.8888,258.93,0.2513,195.06,0.7487,63.87,1.1401,
1767360081,2026-01-02 21:21:21,89560.81,80.73,,,,,63.87,0.8888,258.93,0.2513,195.06,0.7487,63.87,1.1401,
1767360082,2026-01-02 21:21:22,89560.81,80.73,,,,,63.87,0.8888,258.93,0.2513,195.06,0.7487,63.87,1.1401,
1767360083,2026-01-02 21:21:23,89565.0,84.92,,,,,63.87,0.8888,258.93,0.2513,195.06,0.7487,63.87,1.1401,
1767360084,2026-01-02 21:21:24,89566.0,85.92,,,,,63.87,0.8888,258.93,0.2513,195.06,0.7487,63.87,1.1401,
1767360085,2026-01-02 21:21:25,89566.0,85.92,,,,,63.87,0.8888,258.93,0.2513,195.06,0.7487,63.87,1.1401,
1767360086,2026-01-02 21:21:26,89566.0,85.92,,,,,63.87,0.8888,258.93,0.2513,195.06,0.7487,63.87,1.1401,
1767360087,2026-01-02 21:21:27,89566.0,85.92,,,,,63.87,0.8888,258.93,0.2513,195.06,0.7487,63.87,1.1401,
1767360088,2026-01-02 21:21:28,89569.8,89.72,,,,,63.87,0.8888,258.93,0.2513,195.06,0.7487,63.87,1.1401,
1767360089,2026-01-02 21:21:29,89569.8,89.72,,,,,63.87,0.8888,258.93,0.2513,195.06,0.7487,63.87,1.1401,
1767360090,2026-01-02 21:21:30,89572.5,92.42,,,,,63.87,0.8888,258.93,0.2513,195.06,0.7487,63.87,1.1401,
1767360091,2026-01-02 21:21:31,89572.5,92.42,,,,,63.87,0.8888,258.93,0.2513,195.06,0.7487,63.87,1.1401,
1767360092,2026-01-02 21:21:32,89572.5,92.42,,,,,63.87,0.8888,258.93,0.2513,195.06,0.7487,63.87,1.1401,
1767360093,2026-01-02 21:21:33,89572.5,92.42,,,,,63.87,0.8888,258.93,0.2513,195.06,0.7487,63.87,1.1401,
1767360094,2026-01-02 21:21:34,89572.5,92.42,,,,,63.87,0.8888,258.93,0.2513,195.06,0.7487,63.87,1.1401,
1767360095,2026-01-02 21:21:35,89572.5,92.42,,,,,63.87,0.8888,258.93,0.2513,195.06,0.7487,63.87,1.1401,
1767360096,2026-01-02 21:21:36,89572.5,92.42,,,,,63.87,0.8888,258.93,0.2513,195.06,0.7487,63.87,1.1401,
1767360097,2026-01-02 21:21:37,89572.5,92.42,,,,,63.87,0.8888,258.93,0.2513,195.06,0.7487,63.87,1.1401,
1767360098,2026-01-02 21:21:38,89575.2,95.12,,,,,63.87,0.8888,258.93,0.2513,195.06,0.7487,63.87,1.1401,
1767360099,2026-01-02 21:21:39,89577.9,97.82,,,,,63.87,0.8888,258.93,0.2513,195.06,0.7487,63.87,1.1401,
1767360100,2026-01-02 21:21:40,89591.82,111.74,,,,,63.87,0.8888,258.93,0.2513,195.06,0.7487,63.87,1.1401,
1767360101,2026-01-02 21:21:41,89589.99,109.91,,,,,63.87,0.8888,258.93,0.2513,195.06,0.7487,63.87,1.1401,
1767360102,2026-01-02 21:21:42,89589.1,109.02,,,,,63.87,0.8888,258.93,0.2513,195.06,0.7487,63.87,1.1401,
1767360103,2026-01-02 21:21:43,89589.1,109.02,,,,,63.87,0.8888,258.93,0.2513,195.06,0.7487,63.87,1.1401,
1767360104,2026-01-02 21:21:44,89576.32,96.24,,,,,63.87,0.8888,258.93,0.2513,195.06,0.7487,63.87,1.1401,
1767360105,2026-01-02 21:21:45,89576.32,96.24,,,,,63.87,0.8888,258.93,0.2513,195.06,0.7487,63.87,1.1401,
1767360106,2026-01-02 21:21:46,89576.32,96.24,,,,,63.87,0.8888,258.93,0.2513,195.06,0.7487,63.87,1.1401,
1767360107,2026-01-02 21:21:47,89576.33,96.25,,,,,63.87,0.8888,258.93,0.2513,195.06,0.7487,63.87,1.1401,
1767360108,2026-01-02 21:21:48,89576.33,96.25,,,,,63.87,0.8888,258.93,0.2513,195.06,0.7487,63.87,1.1401,
1767360109,2026-01-02 21:21:49,89576.33,96.25,,,,,63.87,0.8888,258.93,0.2513,195.06,0.7487,63.87,1.1401,
1767360110,2026-01-02 21:21:50,89583.29,103.21,,,,,63.87,0.8888,258.93,0.2513,195.06,0.7487,63.87,1.1401,
1767360111,2026-01-02 21:21:51,89583.29,103.21,,,,,63.87,0.8888,258.93,0.2513,195.06,0.7487,63.87,1.1401,
1767360112,2026-01-02 21:21:52,89583.29,103.21,,,,,63.87,0.8888,258.93,0.2513,195.06,0.7487,63.87,1.1401,
1767360113,2026-01-02 21:21:53,89583.29,103.21,,,,,63.87,0.8888,258.93,0.2513,195.06,0.7487,63.87,1.1401,
1767360114,2026-01-02 21:21:54,89583.29,103.21,,,,,63.87,0.8888,258.93,0.2513,195.06,0.7487,63.87,1.1401,
1767360115,2026-01-02 21:21:55,89583.29,103.21,,,,,63.87,0.8888,258.93,0.2513,195.06,0.7487,63.87,1.1401,
1767360116,2026-01-02 21:21:56,89583.29,103.21,,,,,63.87,0.8888,258.93,0.2513,195.06,0.7487,63.87,1.1401,
1767360117,2026-01-02 21:21:57,89583.29,103.21,,,,,63.87,0.8888,258.93,0.2513,195.06,0.7487,63.87,1.1401,
1767360118,2026-01-02 21:21:58,89587.84,107.76,,,,,63.87,0.8888,258.93,0.2513,195.06,0.7487,63.87,1.1401,
1767360119,2026-01-02 21:21:59,89587.84,107.76,,,,,63.87,0.8888,258.93,0.2513,195.06,0.7487,63.87,1.1401,
1767360120,2026-01-02 21:22:00,89580.0,99.92,,,,,63.87,0.8888,258.93,0.2513,195.06,0.7487,63.87,1.1401,
1767360121,2026-01-02 21:22:01,89580.0,99.92,,,,,63.87,0.8888,258.93,0.2513,195.06,0.7487,63.87,1.1401,
1767360122,2026-01-02 21:22:02,89580.0,99.92,,,,,63.87,0.8888,258.93,0.2513,195.06,0.7487,63.87,1.1401,
1767360123,2026-01-02 21:22:03,89580.0,99.92,,,,,63.87,0.8888,258.93,0.2513,195.06,0.7487,63.87,1.1401,
1767360124,2026-01-02 21:22:04,89574.35,94.27,,,,,63.87,0.8888,258.93,0.2513,195.06,0.7487,63.87,1.1401,
1767360125,2026-01-02 21:22:05,89573.96,93.88,,,,,63.87,0.8888,258.93,0.2513,195.06,0.7487,63.87,1.1401,
1767360126,2026-01-02 21:22:06,89573.96,93.88,,,,,63.87,0.8888,258.93,0.2513,195.06,0.7487,63.87,1.1401,
1767360127,2026-01-02 21:22:07,89567.1,87.02,,,,,63.87,0.8888,258.93,0.2513,195.06,0.7487,63.87,1.1401,
1767360128,2026-01-02 21:22:08,89567.1,87.02,,,,,63.87,0.8888,258.93,0.2513,195.06,0.7487,63.87,1.1401,
1767360129,2026-01-02 21:22:09,89567.1,87.02,,,,,63.87,0.8888,258.93,0.2513,195.06,0.7487,63.87,1.1401,
1767360130,2026-01-02 21:22:10,89567.1,87.02,,,,,63.87,0.8888,258.93,0.2513,195.06,0.7487,63.87,1.1401,
1767360131,2026-01-02 21:22:11,89564.4,84.32,,,,,63.87,0.8888,258.93,0.2513,195.06,0.7487,63.87,1.1401,
1767360132,2026-01-02 21:22:12,89564.4,84.32,,,,,63.87,0.8888,258.93,0.2513,195.06,0.7487,63.87,1.1401,
1767360133,2026-01-02 21:22:13,89564.4,84.32,,,,,63.87,0.8888,258.93,0.2513,195.06,0.7487,63.87,1.1401,
1767360134,2026-01-02 21:22:14,89564.4,84.32,,,,,63.87,0.8888,258.93,0.2513,195.06,0.7487,63.87,1.1401,
1767360135,2026-01-02 21:22:15,89564.4,84.32,,,,,63.87,0.8888,258.93,0.2513,195.06,0.7487,63.87,1.1401,
1767360136,2026-01-02 21:22:16,89564.4,84.32,,,,,63.87,0.8888,258.93,0.2513,195.06,0.7487,63.87,1.1401,
1767360137,2026-01-02 21:22:17,89561.71,81.63,,,,,63.87,0.8888,258.93,0.2513,195.06,0.7487,63.87,1.1401,
1767360138,2026-01-02 21:22:18,89561.71,81.63,,,,,63.87,0.8888,258.93,0.2513,195.06,0.7487,63.87,1.1401,
1767360139,2026-01-02 21:22:19,89561.71,81.63,,,,,63.87,0.8888,258.93,0.2513,195.06,0.7487,63.87,1.1401,
1767360140,2026-01-02 21:22:20,89561.71,81.63,,,,,63.87,0.8888,258.93,0.2513,195.06,0.7487,63.87,1.1401,
1767360141,2026-01-02 21:22:21,89561.71,81.63,,,,,63.87,0.8888,258.93,0.2513,195.06,0.7487,63.87,1.1401,
1767360142,2026-01-02 21:22:22,89561.71,81.63,,,,,63.87,0.8888,258.93,0.2513,195.06,0.7487,63.87,1.1401,
1767360143,2026-01-02 21:22:23,89561.71,81.63,,,,,63.87,0.8888,258.93,0.2513,195.06,0.7487,63.87,1.1401,
1767360144,2026-01-02 21:22:24,89561.71,81.63,,,,,63.87,0.8888,258.93,0.2513,195.06,0.7487,63.87,1.1401,
1767360145,2026-01-02 21:22:25,89561.71,81.63,,,,,63.87,0.8888,258.93,0.2513,195.06,0.7487,63.87,1.1401,
1767360146,2026-01-02 21:22:26,89561.71,81.63,,,,,63.87,0.8888,258.93,0.2513,195.06,0.7487,63.87,1.1401,
1767360147,2026-01-02 21:22:27,89561.71,81.63,,,,,63.87,0.8888,258.93,0.2513,195.06,0.7487,63.87,1.1401,
1767360148,2026-01-02 21:22:28,89561.71,81.63,,,,,63.87,0.8888,258.93,0.2513,195.06,0.7487,63.87,1.1401,
1767360149,2026-01-02 21:22:29,89561.71,81.63,,,,,63.87,0.8888,258.93,0.2513,195.06,0.7487,63.87,1.1401,
1767360150,2026-01-02 21:22:30,89561.71,81.63,,,,,63.87,0.8888,258.93,0.2513,195.06,0.7487,63.87,1.1401,
1767360151,2026-01-02 21:22:31,89561.71,81.63,,,,,63.87,0.8888,258.93,0.2513,195.06,0.7487,63.87,1.1401,
1767360152,2026-01-02 21:22:32,89528.23,48.15,,,,,63.87,0.8888,258.93,0.2513,195.06,0.7487,63.87,1.1401,
1767360153,2026-01-02 21:22:33,89525.0,44.92,,,,,63.87,0.8888,258.93,0.2513,195.06,0.7487,63.87,1.1401,
1767360154,2026-01-02 21:22:34,89527.0,46.92,,,,,63.87,0.8888,258.93,0.2513,195.06,0.7487,63.87,1.1401,
1767360155,2026-01-02 21:22:35,89527.0,46.92,,,,,63.87,0.8888,258.93,0.2513,195.06,0.7487,63.87,1.1401,
1767360156,2026-01-02 21:22:36,89527.0,46.92,,,,,63.87,0.8888,258.93,0.2513,195.06,0.7487,63.87,1.1401,
1767360157,2026-01-02 21:22:37,89527.0,46.92,,,,,63.87,0.8888,258.93,0.2513,195.06,0.7487,63.87,1.1401,
1767360158,2026-01-02 21:22:38,89527.0,46.92,,,,,63.87,0.8888,258.93,0.2513,195.06,0.7487,63.87,1.1401,
1767360159,2026-01-02 21:22:39,89527.0,46.92,,,,,63.87,0.8888,258.93,0.2513,195.06,0.7487,63.87,1.1401,
1767360160,2026-01-02 21:22:40,89527.0,46.92,,,,,63.87,0.8888,258.93,0.2513,195.06,0.7487,63.87,1.1401,
1767360161,2026-01-02 21:22:41,89527.0,46.92,,,,,63.87,0.8888,258.93,0.2513,195.06,0.7487,63.87,1.1401,
1767360162,2026-01-02 21:22:42,89527.0,46.92,,,,,63.87,0.8888,258.93,0.2513,195.06,0.7487,63.87,1.1401,
1767360163,2026-01-02 21:22:43,89527.0,46.92,,,,,63.87,0.8888,258.93,0.2513,195.06,0.7487,63.87,1.1401,
1767360164,2026-01-02 21:22:44,89527.0,46.92,,,,,63.87,0.8888,258.93,0.2513,195.06,0.7487,63.87,1.1401,
1767360165,2026-01-02 21:22:45,89527.0,46.92,,,,,63.87,0.8888,258.93,0.2513,195.06,0.7487,63.87,1.1401,
1767360166,2026-01-02 21:22:46,89527.0,46.92,,,,,63.87,0.8888,258.93,0.2513,195.06,0.7487,63.87,1.1401,
1767360167,2026-01-02 21:22:47,89527.0,46.92,,,,,63.87,0.8888,258.93,0.2513,195.06,0.7487,63.87,1.1401,
1767360168,2026-01-02 21:22:48,89527.0,46.92,,,,,63.87,0.8888,258.93,0.2513,195.06,0.7487,63.87,1.1401,
1767360169,2026-01-02 21:22:49,89548.2,68.12,,,,,63.87,0.8888,258.93,0.2513,195.06,0.7487,63.87,1.1401,
1767360170,2026-01-02 21:22:50,89549.91,69.83,,,,,63.87,0.8888,258.93,0.2513,195.06,0.7487,63.87,1.1401,
1767360171,2026-01-02 21:22:51,89549.91,69.83,,,,,63.87,0.8888,258.93,0.2513,195.06,0.7487,63.87,1.1401,
1767360172,2026-01-02 21:22:52,89549.92,69.84,,,,,63.87,0.8888,258.93,0.2513,195.06,0.7487,63.87,1.1401,
1767360173,2026-01-02 21:22:53,89549.92,69.84,,,,,63.87,0.8888,258.93,0.2513,195.06,0.7487,63.87,1.1401,
1767360174,2026-01-02 21:22:54,89549.92,69.84,,,,,63.87,0.8888,258.93,0.2513,195.06,0.7487,63.87,1.1401,
1767360175,2026-01-02 21:22:55,89549.92,69.84,,,,,63.87,0.8888,258.93,0.2513,195.06,0.7487,63.87,1.1401,
1767360176,2026-01-02 21:22:56,89549.92,69.84,,,,,63.87,0.8888,258.93,0.2513,195.06,0.7487,63.87,1.1401,
1767360177,2026-01-02 21:22:57,89549.92,69.84,,,,,63.87,0.8888,258.93,0.2513,195.06,0.7487,63.87,1.1401,
1767360178,2026-01-02 21:22:58,89549.92,69.84,,,,,63.87,0.8888,258.93,0.2513,195.06,0.7487,63.87,1.1401,
1767360179,2026-01-02 21:22:59,89549.92,69.84,,,,,63.87,0.8888,258.93,0.2513,195.06,0.7487,63.87,1.1401,
1767360180,2026-01-02 21:23:00,89549.91,69.83,,,,,63.87,0.8888,258.93,0.2513,195.06,0.7487,63.87,1.1401,
1767360181,2026-01-02 21:23:01,89551.0,70.92,,,,,63.87,0.8888,258.93,0.2513,195.06,0.7487,63.87,1.1401,
1767360182,2026-01-02 21:23:02,89551.0,70.92,,,,,63.87,0.8888,258.93,0.2513,195.06,0.7487,63.87,1.1401,
1767360183,2026-01-02 21:23:03,89551.0,70.92,,,,,63.87,0.8888,258.93,0.2513,195.06,0.7487,63.87,1.1401,
1767360184,2026-01-02 21:23:04,89550.99,70.91,,,,,63.87,0.8888,258.93,0.2513,195.06,0.7487,63.87,1.1401,
1767360185,2026-01-02 21:23:05,89556.23,76.15,,,,,63.87,0.8888,258.93,0.2513,195.06,0.7487,63.87,1.1401,
1767360186,2026-01-02 21:23:06,89556.23,76.15,,,,,63.87,0.8888,258.93,0.2513,195.06,0.7487,63.87,1.1401,
1767360187,2026-01-02 21:23:07,89556.22,76.14,,,,,63.87,0.8888,258.93,0.2513,195.06,0.7487,63.87,1.1401,
1767360188,2026-01-02 21:23:08,89561.7,81.62,,,,,63.87,0.8888,258.93,0.2513,195.06,0.7487,63.87,1.1401,
1767360189,2026-01-02 21:23:09,89563.7,83.62,,,,,63.87,0.8888,258.93,0.2513,195.06,0.7487,63.87,1.1401,
1767360190,2026-01-02 21:23:10,89563.7,83.62,,,,,63.87,0.8888,258.93,0.2513,195.06,0.7487,63.87,1.1401,
1767360191,2026-01-02 21:23:11,89563.7,83.62,,,,,63.87,0.8888,258.93,0.2513,195.06,0.7487,63.87,1.1401,
1767360192,2026-01-02 21:23:12,89563.7,83.62,,,,,63.87,0.8888,258.93,0.2513,195.06,0.7487,63.87,1.1401,
1767360193,2026-01-02 21:23:13,89563.7,83.62,,,,,63.87,0.8888,258.93,0.2513,195.06,0.7487,63.87,1.1401,
1767360194,2026-01-02 21:23:14,89563.69,83.61,,,,,63.87,0.8888,258.93,0.2513,195.06,0.7487,63.87,1.1401,
1767360195,2026-01-02 21:23:15,89563.7,83.62,,,,,63.87,0.8888,258.93,0.2513,195.06,0.7487,63.87,1.1401,
1767360196,2026-01-02 21:23:16,89563.69,83.61,,,,,63.87,0.8888,258.93,0.2513,195.06,0.7487,63.87,1.1401,
1767360197,2026-01-02 21:23:17,89563.69,83.61,,,,,63.87,0.8888,258.93,0.2513,195.06,0.7487,63.87,1.1401,
1767360198,2026-01-02 21:23:18,89563.61,83.53,,,,,63.87,0.8888,258.93,0.2513,195.06,0.7487,63.87,1.1401,
1767360199,2026-01-02 21:23:19,89563.6,83.52,,,,,63.87,0.8888,258.93,0.2513,195.06,0.7487,63.87,1.1401,
1767360200,2026-01-02 21:23:20,89563.6,83.52,,,,,63.87,0.8888,258.93,0.2513,195.06,0.7487,63.87,1.1401,
1767360201,2026-01-02 21:23:21,89563.6,83.52,,,,,63.87,0.8888,258.93,0.2513,195.06,0.7487,63.87,1.1401,
1767360202,2026-01-02 21:23:22,89563.61,83.53,,,,,63.87,0.8888,258.93,0.2513,195.06,0.7487,63.87,1.1401,
1767360203,2026-01-02 21:23:23,89563.6,83.52,,,,,63.87,0.8888,258.93,0.2513,195.06,0.7487,63.87,1.1401,
1767360204,2026-01-02 21:23:24,89557.66,77.58,,,,,63.87,0.8888,258.93,0.2513,195.06,0.7487,63.87,1.1401,
1767360205,2026-01-02 21:23:25,89557.66,77.58,,,,,63.87,0.8888,258.93,0.2513,195.06,0.7487,63.87,1.1401,
1767360206,2026-01-02 21:23:26,89557.66,77.58,,,,,63.87,0.8888,258.93,0.2513,195.06,0.7487,63.87,1.1401,
1767360207,2026-01-02 21:23:27,89556.77,76.69,,,,,63.87,0.8888,258.93,0.2513,195.06,0.7487,63.87,1.1401,
1767360208,2026-01-02 21:23:28,89556.77,76.69,,,,,63.87,0.8888,258.93,0.2513,195.06,0.7487,63.87,1.1401,
1767360209,2026-01-02 21:23:29,89556.77,76.69,,,,,63.87,0.8888,258.93,0.2513,195.06,0.7487,63.87,1.1401,
1767360210,2026-01-02 21:23:30,89556.77,76.69,,,,,63.87,0.8888,258.93,0.2513,195.06,0.7487,63.87,1.1401,
1767360211,2026-01-02 21:23:31,89556.78,76.7,,,,,63.87,0.8888,258.93,0.2513,195.06,0.7487,63.87,1.1401,
1767360212,2026-01-02 21:23:32,89556.78,76.7,,,,,63.87,0.8888,258.93,0.2513,195.06,0.7487,63.87,1.1401,
1767360213,2026-01-02 21:23:33,89556.77,76.69,,,,,63.87,0.8888,258.93,0.2513,195.06,0.7487,63.87,1.1401,
1767360214,2026-01-02 21:23:34,89556.77,76.69,,,,,63.87,0.8888,258.93,0.2513,195.06,0.7487,63.87,1.1401,
1767360215,2026-01-02 21:23:35,89556.77,76.69,,,,,63.87,0.8888,258.93,0.2513,195.06,0.7487,63.87,1.1401,
1767360216,2026-01-02 21:23:36,89556.78,76.7,,,,,63.87,0.8888,258.93,0.2513,195.06,0.7487,63.87,1.1401,
1767360217,2026-01-02 21:23:37,89556.78,76.7,,,,,63.87,0.8888,258.93,0.2513,195.06,0.7487,63.87,1.1401,
1767360218,2026-01-02 21:23:38,89556.78,76.7,,,,,63.87,0.8888,258.93,0.2513,195.06,0.7487,63.87,1.1401,
1767360219,2026-01-02 21:23:39,89556.78,76.7,,,,,63.87,0.8888,258.93,0.2513,195.06,0.7487,63.87,1.1401,
1767360220,2026-01-02 21:23:40,89556.7,76.62,,,,,63.87,0.8888,258.93,0.2513,195.06,0.7487,63.87,1.1401,
1767360221,2026-01-02 21:23:41,89546.35,66.27,,,,,63.87,0.8888,258.93,0.2513,195.06,0.7487,63.87,1.1401,
1767360222,2026-01-02 21:23:42,89546.35,66.27,,,,,63.87,0.8888,258.93,0.2513,195.06,0.7487,63.87,1.1401,
1767360223,2026-01-02 21:23:43,89545.5,65.42,,,,,63.87,0.8888,258.93,0.2513,195.06,0.7487,63.87,1.1401,
1767360224,2026-01-02 21:23:44,89544.74,64.66,,,,,63.87,0.8888,258.93,0.2513,195.06,0.7487,63.87,1.1401,
1767360225,2026-01-02 21:23:45,89540.1,60.02,,,,,63.87,0.8888,258.93,0.2513,195.06,0.7487,63.87,1.1401,
1767360226,2026-01-02 21:23:46,89534.7,54.62,,,,,63.87,0.8888,258.93,0.2513,195.06,0.7487,63.87,1.1401,
1767360227,2026-01-02 21:23:47,89534.7,54.62,,,,,63.87,0.8888,258.93,0.2513,195.06,0.7487,63.87,1.1401,
1767360228,2026-01-02 21:23:48,89532.0,51.92,,,,,63.87,0.8888,258.93,0.2513,195.06,0.7487,63.87,1.1401,
1767360229,2026-01-02 21:23:49,89532.0,51.92,,,,,63.87,0.8888,258.93,0.2513,195.06,0.7487,63.87,1.1401,
1767360230,2026-01-02 21:23:50,89542.8,62.72,,,,,63.87,0.8888,258.93,0.2513,195.06,0.7487,63.87,1.1401,
1767360231,2026-01-02 21:23:51,89531.38,51.3,,,,,63.87,0.8888,258.93,0.2513,195.06,0.7487,63.87,1.1401,
1767360232,2026-01-02 21:23:52,89531.38,51.3,,,,,63.87,0.8888,258.93,0.2513,195.06,0.7487,63.87,1.1401,
1767360233,2026-01-02 21:23:53,89531.38,51.3,,,,,63.87,0.8888,258.93,0.2513,195.06,0.7487,63.87,1.1401,
1767360234,2026-01-02 21:23:54,89531.38,51.3,,,,,63.87,0.8888,258.93,0.2513,195.06,0.7487,63.87,1.1401,
1767360235,2026-01-02 21:23:55,89531.38,51.3,,,,,63.87,0.8888,258.93,0.2513,195.06,0.7487,63.87,1.1401,
1767360236,2026-01-02 21:23:56,89531.38,51.3,,,,,63.87,0.8888,258.93,0.2513,195.06,0.7487,63.87,1.1401,
1767360237,2026-01-02 21:23:57,89534.55,54.47,,,,,63.87,0.8888,258.93,0.2513,195.06,0.7487,63.87,1.1401,
1767360238,2026-01-02 21:23:58,89534.55,54.47,,,,,63.87,0.8888,258.93,0.2513,195.06,0.7487,63.87,1.1401,
1767360239,2026-01-02 21:23:59,89534.55,54.47,,,,,63.87,0.8888,258.93,0.2513,195.06,0.7487,63.87,1.1401,
1767360240,2026-01-02 21:24:00,89534.55,54.47,,,,,63.87,0.8888,258.93,0.2513,195.06,0.7487,63.87,1.1401,
1767360241,2026-01-02 21:24:01,89530.41,50.33,,,,,63.87,0.8888,258.93,0.2513,195.06,0.7487,63.87,1.1401,
1767360242,2026-01-02 21:24:02,89530.41,50.33,,,,,63.87,0.8888,258.93,0.2513,195.06,0.7487,63.87,1.1401,
1767360243,2026-01-02 21:24:03,89530.41,50.33,,,,,63.87,0.8888,258.93,0.2513,195.06,0.7487,63.87,1.1401,
1767360244,2026-01-02 21:24:04,89530.41,50.33,,,,,63.87,0.8888,258.93,0.2513,195.06,0.7487,63.87,1.1401,
1767360245,2026-01-02 21:24:05,89530.41,50.33,,,,,63.87,0.8888,258.93,0.2513,195.06,0.7487,63.87,1.1401,
1767360246,2026-01-02 21:24:06,89530.41,50.33,,,,,63.87,0.8888,258.93,0.2513,195.06,0.7487,63.87,1.1401,
1767360247,2026-01-02 21:24:07,89530.42,50.34,,,,,63.87,0.8888,258.93,0.2513,195.06,0.7487,63.87,1.1401,
1767360248,2026-01-02 21:24:08,89530.42,50.34,,,,,63.87,0.8888,258.93,0.2513,195.06,0.7487,63.87,1.1401,
1767360249,2026-01-02 21:24:09,89530.42,50.34,,,,,63.87,0.8888,258.93,0.2513,195.06,0.7487,63.87,1.1401,
1767360250,2026-01-02 21:24:10,89530.42,50.34,,,,,63.87,0.8888,258.93,0.2513,195.06,0.7487,63.87,1.1401,
1767360251,2026-01-02 21:24:11,89530.42,50.34,,,,,63.87,0.8888,258.93,0.2513,195.06,0.7487,63.87,1.1401,
1767360252,2026-01-02 21:24:12,89527.52,47.44,,,,,63.87,0.8888,258.93,0.2513,195.06,0.7487,63.87,1.1401,
1767360253,2026-01-02 21:24:13,89526.6,46.52,,,,,63.87,0.8888,258.93,0.2513,195.06,0.7487,63.87,1.1401,
1767360254,2026-01-02 21:24:14,89523.9,43.82,,,,,63.87,0.8888,258.93,0.2513,195.06,0.7487,63.87,1.1401,
1767360255,2026-01-02 21:24:15,89523.9,43.82,,,,,63.87,0.8888,258.93,0.2513,195.06,0.7487,63.87,1.1401,
1767360256,2026-01-02 21:24:16,89521.2,41.12,,,,,63.87,0.8888,258.93,0.2513,195.06,0.7487,63.87,1.1401,
1767360257,2026-01-02 21:24:17,89521.2,41.12,,,5.0,0.08,63.87,0.8888,263.93,0.2481,200.06,0.7519,63.87,1.1369,1
1767360258,2026-01-02 21:24:18,89521.2,41.12,,,,,63.87,0.8888,263.93,0.2481,200.06,0.7519,63.87,1.1369,
1767360259,2026-01-02 21:24:19,89521.2,41.12,,,,,63.87,0.8888,263.93,0.2481,200.06,0.7519,63.87,1.1369,
1767360260,2026-01-02 21:24:20,89521.21,41.13,,,,,63.87,0.8888,263.93,0.2481,200.06,0.7519,63.87,1.1369,
1767360261,2026-01-02 21:24:21,89521.21,41.13,,,,,63.87,0.8888,263.93,0.2481,200.06,0.7519,63.87,1.1369,
1767360262,2026-01-02 21:24:22,89521.21,41.13,,,,,63.87,0.8888,263.93,0.2481,200.06,0.7519,63.87,1.1369,
1767360263,2026-01-02 21:24:23,89521.21,41.13,,,,,63.87,0.8888,263.93,0.2481,200.06,0.7519,63.87,1.1369,
1767360264,2026-01-02 21:24:24,89521.21,41.13,,,,,63.87,0.8888,263.93,0.2481,200.06,0.7519,63.87,1.1369,
1767360265,2026-01-02 21:24:25,89518.5,38.42,,,,,63.87,0.8888,263.93,0.2481,200.06,0.7519,63.87,1.1369,
1767360266,2026-01-02 21:24:26,89494.0,13.92,,,,,63.87,0.8888,263.93,0.2481,200.06,0.7519,63.87,1.1369,
1767360267,2026-01-02 21:24:27,89494.0,13.92,,,,,63.87,0.8888,263.93,0.2481,200.06,0.7519,63.87,1.1369,
1767360268,2026-01-02 21:24:28,89494.0,13.92,,,,,63.87,0.8888,263.93,0.2481,200.06,0.7519,63.87,1.1369,
1767360269,2026-01-02 21:24:29,89494.0,13.92,,,,,63.87,0.8888,263.93,0.2481,200.06,0.7519,63.87,1.1369,
1767360270,2026-01-02 21:24:30,89494.0,13.92,,,,,63.87,0.8888,263.93,0.2481,200.06,0.7519,63.87,1.1369,
1767360271,2026-01-02 21:24:31,89494.0,13.92,,,54.0,0.1,63.87,0.8888,317.93,0.2229,254.06,0.7771,63.87,1.1117,2
1767360272,2026-01-02 21:24:32,89494.0,13.92,,,,,63.87,0.8888,317.93,0.2229,254.06,0.7771,63.87,1.1117,
1767360273,2026-01-02 21:24:33,89494.0,13.92,,,,,63.87,0.8888,317.93,0.2229,254.06,0.7771,63.87,1.1117,
1767360274,2026-01-02 21:24:34,89493.0,12.92,,,,,63.87,0.8888,317.93,0.2229,254.06,0.7771,63.87,1.1117,
1767360275,2026-01-02 21:24:35,89493.0,12.92,,,,,63.87,0.8888,317.93,0.2229,254.06,0.7771,63.87,1.1117,
1767360276,2026-01-02 21:24:36,89476.04,-4.04,,,,,63.87,0.8888,317.93,0.2229,254.06,0.7771,63.87,1.1117,
1767360277,2026-01-02 21:24:37,89476.04,-4.04,,,,,63.87,0.8888,317.93,0.2229,254.06,0.7771,63.87,1.1117,
1767360278,2026-01-02 21:24:38,89476.04,-4.04,,,,,63.87,0.8888,317.93,0.2229,254.06,0.7771,63.87,1.1117,
1767360279,2026-01-02 21:24:39,89476.04,-4.04,,,,,63.87,0.8888,317.93,0.2229,254.06,0.7771,63.87,1.1117,
1767360280,2026-01-02 21:24:40,89476.04,-4.04,,,,,63.87,0.8888,317.93,0.2229,254.06,0.7771,63.87,1.1117,
1767360281,2026-01-02 21:24:41,89476.04,-4.04,,,,,63.87,0.8888,317.93,0.2229,254.06,0.7771,63.87,1.1117,
1767360282,2026-01-02 21:24:42,89476.05,-4.03,,,,,63.87,0.8888,317.93,0.2229,254.06,0.7771,63.87,1.1117,
1767360283,2026-01-02 21:24:43,89476.04,-4.04,,,,,63.87,0.8888,317.93,0.2229,254.06,0.7771,63.87,1.1117,
1767360284,2026-01-02 21:24:44,89476.04,-4.04,,,,,63.87,0.8888,317.93,0.2229,254.06,0.7771,63.87,1.1117,
1767360285,2026-01-02 21:24:45,89476.04,-4.04,,,,,63.87,0.8888,317.93,0.2229,254.06,0.7771,63.87,1.1117,
1767360286,2026-01-02 21:24:46,89476.04,-4.04,,,,,63.87,0.8888,317.93,0.2229,254.06,0.7771,63.87,1.1117,
1767360287,2026-01-02 21:24:47,89476.04,-4.04,,,,,63.87,0.8888,317.93,0.2229,254.06,0.7771,63.87,1.1117,
1767360288,2026-01-02 21:24:48,89476.04,-4.04,,,,,63.87,0.8888,317.93,0.2229,254.06,0.7771,63.87,1.1117,
1767360289,2026-01-02 21:24:49,89476.05,-4.03,,,,,63.87,0.8888,317.93,0.2229,254.06,0.7771,63.87,1.1117,
1767360290,2026-01-02 21:24:50,89476.05,-4.03,,,,,63.87,0.8888,317.93,0.2229,254.06,0.7771,63.87,1.1117,
1767360291,2026-01-02 21:24:51,89476.05,-4.03,,,,,63.87,0.8888,317.93,0.2229,254.06,0.7771,63.87,1.1117,
1767360292,2026-01-02 21:24:52,89476.05,-4.03,,,,,63.87,0.8888,317.93,0.2229,254.06,0.7771,63.87,1.1117,
1767360293,2026-01-02 21:24:53,89476.05,-4.03,,,,,63.87,0.8888,317.93,0.2229,254.06,0.7771,63.87,1.1117,
1767360294,2026-01-02 21:24:54,89476.05,-4.03,,,,,63.87,0.8888,317.93,0.2229,254.06,0.7771,63.87,1.1117,
1767360295,2026-01-02 21:24:55,89476.04,-4.04,,,,,63.87,0.8888,317.93,0.2229,254.06,0.7771,63.87,1.1117,
1767360296,2026-01-02 21:24:56,89476.04,-4.04,,,,,63.87,0.8888,317.93,0.2229,254.06,0.7771,63.87,1.1117,
1767360297,2026-01-02 21:24:57,89477.72,-2.36,,,,,63.87,0.8888,317.93,0.2229,254.06,0.7771,63.87,1.1117,
1767360298,2026-01-02 21:24:58,89483.4,3.32,,,,,63.87,0.8888,317.93,0.2229,254.06,0.7771,63.87,1.1117,
1767360299,2026-01-02 21:24:59,89496.9,16.82,,,,,63.87,0.8888,317.93,0.2229,254.06,0.7771,63.87,1.1117,
1767360300,2026-01-02 21:25:00,89496.9,16.82,,,,,63.87,0.8888,317.93,0.2229,254.06,0.7771,63.87,1.1117,
1767360301,2026-01-02 21:25:01,89496.9,16.82,,,,,63.87,0.8888,317.93,0.2229,254.06,0.7771,63.87,1.1117,
1767360302,2026-01-02 21:25:02,89496.9,16.82,,,,,63.87,0.8888,317.93,0.2229,254.06,0.7771,63.87,1.1117,
1767360303,2026-01-02 21:25:03,89496.89,16.81,,,,,63.87,0.8888,317.93,0.2229,254.06,0.7771,63.87,1.1117,
1767360304,2026-01-02 21:25:04,89496.89,16.81,,,,,63.87,0.8888,317.93,0.2229,254.06,0.7771,63.87,1.1117,
1767360305,2026-01-02 21:25:05,89496.89,16.81,15.0,0.89,,,78.87,0.889,317.93,0.2229,239.06,0.7771,78.87,1.1119,1
1767360306,2026-01-02 21:25:06,89509.09,29.01,,,,,78.87,0.889,317.93,0.2229,239.06,0.7771,78.87,1.1119,
1767360307,2026-01-02 21:25:07,89509.09,29.01,,,,,78.87,0.889,317.93,0.2229,239.06,0.7771,78.87,1.1119,
1767360308,2026-01-02 21:25:08,89509.08,29.0,,,,,78.87,0.889,317.93,0.2229,239.06,0.7771,78.87,1.1119,
1767360309,2026-01-02 21:25:09,89509.08,29.0,,,,,78.87,0.889,317.93,0.2229,239.06,0.7771,78.87,1.1119,
1767360310,2026-01-02 21:25:10,89509.09,29.01,,,,,78.87,0.889,317.93,0.2229,239.06,0.7771,78.87,1.1119,
1767360311,2026-01-02 21:25:11,89509.09,29.01,,,,,78.87,0.889,317.93,0.2229,239.06,0.7771,78.87,1.1119,
1767360312,2026-01-02 21:25:12,89509.09,29.01,,,,,78.87,0.889,317.93,0.2229,239.06,0.7771,78.87,1.1119,
1767360313,2026-01-02 21:25:13,89509.09,29.01,,,,,78.87,0.889,317.93,0.2229,239.06,0.7771,78.87,1.1119,
1767360314,2026-01-02 21:25:14,89509.09,29.01,,,,,78.87,0.889,317.93,0.2229,239.06,0.7771,78.87,1.1119,
1767360315,2026-01-02 21:25:15,89509.09,29.01,,,,,78.87,0.889,317.93,0.2229,239.06,0.7771,78.87,1.1119,
1767360316,2026-01-02 21:25:16,89509.09,29.01,,,,,78.87,0.889,317.93,0.2229,239.06,0.7771,78.87,1.1119,
1767360317,2026-01-02 21:25:17,89509.09,29.01,,,,,78.87,0.889,317.93,0.2229,239.06,0.7771,78.87,1.1119,
1767360318,2026-01-02 21:25:18,89509.08,29.0,,,,,78.87,0.889,317.93,0.2229,239.06,0.7771,78.87,1.1119,
1767360319,2026-01-02 21:25:19,89509.08,29.0,,,,,78.87,0.889,317.93,0.2229,239.06,0.7771,78.87,1.1119,
1767360320,2026-01-02 21:25:20,89509.08,29.0,,,,,78.87,0.889,317.93,0.2229,239.06,0.7771,78.87,1.1119,
1767360321,2026-01-02 21:25:21,89509.08,29.0,,,,,78.87,0.889,317.93,0.2229,239.06,0.7771,78.87,1.1119,
1767360322,2026-01-02 21:25:22,89509.09,29.01,,,,,78.87,0.889,317.93,0.2229,239.06,0.7771,78.87,1.1119,
1767360323,2026-01-02 21:25:23,89509.08,29.0,,,,,78.87,0.889,317.93,0.2229,239.06,0.7771,78.87,1.1119,
1767360324,2026-01-02 21:25:24,89509.08,29.0,,,,,78.87,0.889,317.93,0.2229,239.06,0.7771,78.87,1.1119,
1767360325,2026-01-02 21:25:25,89509.09,29.01,,,,,78.87,0.889,317.93,0.2229,239.06,0.7771,78.87,1.1119,
1767360326,2026-01-02 21:25:26,89509.09,29.01,,,,,78.87,0.889,317.93,0.2229,239.06,0.7771,78.87,1.1119,
1767360327,2026-01-02 21:25:27,89509.08,29.0,,,,,78.87,0.889,317.93,0.2229,239.06,0.7771,78.87,1.1119,
1767360328,2026-01-02 21:25:28,89509.08,29.0,,,,,78.87,0.889,317.93,0.2229,239.06,0.7771,78.87,1.1119,
1767360329,2026-01-02 21:25:29,89509.08,29.0,,,,,78.87,0.889,317.93,0.2229,239.06,0.7771,78.87,1.1119,
1767360330,2026-01-02 21:25:30,89509.08,29.0,,,,,78.87,0.889,317.93,0.2229,239.06,0.7771,78.87,1.1119,
1767360331,2026-01-02 21:25:31,89509.09,29.01,,,,,78.87,0.889,317.93,0.2229,239.06,0.7771,78.87,1.1119,
1767360332,2026-01-02 21:25:32,89509.09,29.01,,,,,78.87,0.889,317.93,0.2229,239.06,0.7771,78.87,1.1119,
1767360333,2026-01-02 21:25:33,89509.09,29.01,,,,,78.87,0.889,317.93,0.2229,239.06,0.7771,78.87,1.1119,
1767360334,2026-01-02 21:25:34,89509.09,29.01,,,,,78.87,0.889,317.93,0.2229,239.06,0.7771,78.87,1.1119,
1767360335,2026-01-02 21:25:35,89509.09,29.01,,,,,78.87,0.889,317.93,0.2229,239.06,0.7771,78.87,1.1119,
1767360336,2026-01-02 21:25:36,89509.09,29.01,,,,,78.87,0.889,317.93,0.2229,239.06,0.7771,78.87,1.1119,
1767360337,2026-01-02 21:25:37,89509.09,29.01,,,,,78.87,0.889,317.93,0.2229,239.06,0.7771,78.87,1.1119,
1767360338,2026-01-02 21:25:38,89509.09,29.01,,,,,78.87,0.889,317.93,0.2229,239.06,0.7771,78.87,1.1119,
1767360339,2026-01-02 21:25:39,89507.51,27.43,,,,,78.87,0.889,317.93,0.2229,239.06,0.7771,78.87,1.1119,
1767360340,2026-01-02 21:25:40,89502.01,21.93,,,,,78.87,0.889,317.93,0.2229,239.06,0.7771,78.87,1.1119,
1767360341,2026-01-02 21:25:41,89502.01,21.93,,,,,78.87,0.889,317.93,0.2229,239.06,0.7771,78.87,1.1119,
1767360342,2026-01-02 21:25:42,89502.01,21.93,,,,,78.87,0.889,317.93,0.2229,239.06,0.7771,78.87,1.1119,
1767360343,2026-01-02 21:25:43,89507.0,26.92,,,,,78.87,0.889,317.93,0.2229,239.06,0.7771,78.87,1.1119,
1767360344,2026-01-02 21:25:44,89507.0,26.92,,,,,78.87,0.889,317.93,0.2229,239.06,0.7771,78.87,1.1119,
1767360345,2026-01-02 21:25:45,89507.0,26.92,,,,,78.87,0.889,317.93,0.2229,239.06,0.7771,78.87,1.1119,
1767360346,2026-01-02 21:25:46,89506.99,26.91,,,,,78.87,0.889,317.93,0.2229,239.06,0.7771,78.87,1.1119,
1767360347,2026-01-02 21:25:47,89506.99,26.91,,,,,78.87,0.889,317.93,0.2229,239.06,0.7771,78.87,1.1119,
1767360348,2026-01-02 21:25:48,89507.0,26.92,,,,,78.87,0.889,317.93,0.2229,239.06,0.7771,78.87,1.1119,
1767360349,2026-01-02 21:25:49,89507.0,26.92,,,,,78.87,0.889,317.93,0.2229,239.06,0.7771,78.87,1.1119,
1767360350,2026-01-02 21:25:50,89507.0,26.92,,,,,78.87,0.889,317.93,0.2229,239.06,0.7771,78.87,1.1119,
1767360351,2026-01-02 21:25:51,89507.0,26.92,,,,,78.87,0.889,317.93,0.2229,239.06,0.7771,78.87,1.1119,
1767360352,2026-01-02 21:25:52,89507.0,26.92,,,,,78.87,0.889,317.93,0.2229,239.06,0.7771,78.87,1.1119,
1767360353,2026-01-02 21:25:53,89507.0,26.92,,,,,78.87,0.889,317.93,0.2229,239.06,0.7771,78.87,1.1119,
1767360354,2026-01-02 21:25:54,89507.0,26.92,,,,,78.87,0.889,317.93,0.2229,239.06,0.7771,78.87,1.1119,
1767360355,2026-01-02 21:25:55,89506.99,26.91,,,,,78.87,0.889,317.93,0.2229,239.06,0.7771,78.87,1.1119,
1767360356,2026-01-02 21:25:56,89507.0,26.92,,,,,78.87,0.889,317.93,0.2229,239.06,0.7771,78.87,1.1119,
1767360357,2026-01-02 21:25:57,89507.0,26.92,,,,,78.87,0.889,317.93,0.2229,239.06,0.7771,78.87,1.1119,
1767360358,2026-01-02 21:25:58,89507.0,26.92,,,,,78.87,0.889,317.93,0.2229,239.06,0.7771,78.87,1.1119,
1767360359,2026-01-02 21:25:59,89507.0,26.92,,,,,78.87,0.889,317.93,0.2229,239.06,0.7771,78.87,1.1119,
1767360360,2026-01-02 21:26:00,89507.0,26.92,,,,,78.87,0.889,317.93,0.2229,239.06,0.7771,78.87,1.1119,
1767360361,2026-01-02 21:26:01,89513.1,33.02,,,,,78.87,0.889,317.93,0.2229,239.06,0.7771,78.87,1.1119,
1767360362,2026-01-02 21:26:02,89513.1,33.02,,,,,78.87,0.889,317.93,0.2229,239.06,0.7771,78.87,1.1119,
1767360363,2026-01-02 21:26:03,89513.1,33.02,,,,,78.87,0.889,317.93,0.2229,239.06,0.7771,78.87,1.1119,
1767360364,2026-01-02 21:26:04,89513.1,33.02,,,,,78.87,0.889,317.93,0.2229,239.06,0.7771,78.87,1.1119,
1767360365,2026-01-02 21:26:05,89513.09,33.01,,,,,78.87,0.889,317.93,0.2229,239.06,0.7771,78.87,1.1119,
1767360366,2026-01-02 21:26:06,89513.1,33.02,,,,,78.87,0.889,317.93,0.2229,239.06,0.7771,78.87,1.1119,
1767360367,2026-01-02 21:26:07,89513.1,33.02,,,,,78.87,0.889,317.93,0.2229,239.06,0.7771,78.87,1.1119,
1767360368,2026-01-02 21:26:08,89513.1,33.02,,,,,78.87,0.889,317.93,0.2229,239.06,0.7771,78.87,1.1119,
1767360369,2026-01-02 21:26:09,89513.1,33.02,,,,,78.87,0.889,317.93,0.2229,239.06,0.7771,78.87,1.1119,
1767360370,2026-01-02 21:26:10,89513.1,33.02,,,,,78.87,0.889,317.93,0.2229,239.06,0.7771,78.87,1.1119,
1767360371,2026-01-02 21:26:11,89518.0,37.92,,,,,78.87,0.889,317.93,0.2229,239.06,0.7771,78.87,1.1119,
1767360372,2026-01-02 21:26:12,89518.5,38.42,,,,,78.87,0.889,317.93,0.2229,239.06,0.7771,78.87,1.1119,
1767360373,2026-01-02 21:26:13,89518.5,38.42,,,,,78.87,0.889,317.93,0.2229,239.06,0.7771,78.87,1.1119,
1767360374,2026-01-02 21:26:14,89518.5,38.42,,,,,78.87,0.889,317.93,0.2229,239.06,0.7771,78.87,1.1119,
1767360375,2026-01-02 21:26:15,89518.49,38.41,,,,,78.87,0.889,317.93,0.2229,239.06,0.7771,78.87,1.1119,
1767360376,2026-01-02 21:26:16,89518.49,38.41,,,,,78.87,0.889,317.93,0.2229,239.06,0.7771,78.87,1.1119,
1767360377,2026-01-02 21:26:17,89518.49,38.41,,,,,78.87,0.889,317.93,0.2229,239.06,0.7771,78.87,1.1119,
1767360378,2026-01-02 21:26:18,89518.49,38.41,,,,,78.87,0.889,317.93,0.2229,239.06,0.7771,78.87,1.1119,
1767360379,2026-01-02 21:26:19,89518.49,38.41,,,,,78.87,0.889,317.93,0.2229,239.06,0.7771,78.87,1.1119,
1767360380,2026-01-02 21:26:20,89523.9,43.82,,,,,78.87,0.889,317.93,0.2229,239.06,0.7771,78.87,1.1119,
1767360381,2026-01-02 21:26:21,89526.6,46.52,,,,,78.87,0.889,317.93,0.2229,239.06,0.7771,78.87,1.1119,
1767360382,2026-01-02 21:26:22,89526.6,46.52,,,,,78.87,0.889,317.93,0.2229,239.06,0.7771,78.87,1.1119,
1767360383,2026-01-02 21:26:23,89526.6,46.52,,,,,78.87,0.889,317.93,0.2229,239.06,0.7771,78.87,1.1119,
1767360384,2026-01-02 21:26:24,89526.6,46.52,,,,,78.87,0.889,317.93,0.2229,239.06,0.7771,78.87,1.1119,
1767360385,2026-01-02 21:26:25,89526.6,46.52,,,,,78.87,0.889,317.93,0.2229,239.06,0.7771,78.87,1.1119,
1767360386,2026-01-02 21:26:26,89526.6,46.52,,,,,78.87,0.889,317.93,0.2229,239.06,0.7771,78.87,1.1119,
1767360387,2026-01-02 21:26:27,89526.59,46.51,,,,,78.87,0.889,317.93,0.2229,239.06,0.7771,78.87,1.1119,
1767360388,2026-01-02 21:26:28,89526.59,46.51,,,,,78.87,0.889,317.93,0.2229,239.06,0.7771,78.87,1.1119,
1767360389,2026-01-02 21:26:29,89526.59,46.51,,,,,78.87,0.889,317.93,0.2229,239.06,0.7771,78.87,1.1119,
1767360390,2026-01-02 21:26:30,89526.59,46.51,,,,,78.87,0.889,317.93,0.2229,239.06,0.7771,78.87,1.1119,
1767360391,2026-01-02 21:26:31,89526.59,46.51,,,,,78.87,0.889,317.93,0.2229,239.06,0.7771,78.87,1.1119,
1767360392,2026-01-02 21:26:32,89526.59,46.51,,,,,78.87,0.889,317.93,0.2229,239.06,0.7771,78.87,1.1119,
1767360393,2026-01-02 21:26:33,89526.59,46.51,,,,,78.87,0.889,317.93,0.2229,239.06,0.7771,78.87,1.1119,
1767360394,2026-01-02 21:26:34,89526.59,46.51,,,,,78.87,0.889,317.93,0.2229,239.06,0.7771,78.87,1.1119,
1767360395,2026-01-02 21:26:35,89526.59,46.51,,,,,78.87,0.889,317.93,0.2229,239.06,0.7771,78.87,1.1119,
1767360396,2026-01-02 21:26:36,89526.59,46.51,,,,,78.87,0.889,317.93,0.2229,239.06,0.7771,78.87,1.1119,
1767360397,2026-01-02 21:26:37,89526.59,46.51,,,,,78.87,0.889,317.93,0.2229,239.06,0.7771,78.87,1.1119,
1767360398,2026-01-02 21:26:38,89526.59,46.51,,,,,78.87,0.889,317.93,0.2229,239.06,0.7771,78.87,1.1119,
1767360399,2026-01-02 21:26:39,89529.3,49.22,,,,,78.87,0.889,317.93,0.2229,239.06,0.7771,78.87,1.1119,
1767360400,2026-01-02 21:26:40,89540.1,60.02,,,,,78.87,0.889,317.93,0.2229,239.06,0.7771,78.87,1.1119,
1767360401,2026-01-02 21:26:41,89540.1,60.02,,,,,78.87,0.889,317.93,0.2229,239.06,0.7771,78.87,1.1119,
1767360402,2026-01-02 21:26:42,89541.0,60.92,,,,,78.87,0.889,317.93,0.2229,239.06,0.7771,78.87,1.1119,
1767360403,2026-01-02 21:26:43,89541.0,60.92,,,,,78.87,0.889,317.93,0.2229,239.06,0.7771,78.87,1.1119,
1767360404,2026-01-02 21:26:44,89541.0,60.92,,,,,78.87,0.889,317.93,0.2229,239.06,0.7771,78.87,1.1119,
1767360405,2026-01-02 21:26:45,89534.22,54.14,,,,,78.87,0.889,317.93,0.2229,239.06,0.7771,78.87,1.1119,
1767360406,2026-01-02 21:26:46,89534.22,54.14,,,,,78.87,0.889,317.93,0.2229,239.06,0.7771,78.87,1.1119,
1767360407,2026-01-02 21:26:47,89534.22,54.14,,,,,78.87,0.889,317.93,0.2229,239.06,0.7771,78.87,1.1119,
1767360408,2026-01-02 21:26:48,89534.22,54.14,,,,,78.87,0.889,317.93,0.2229,239.06,0.7771,78.87,1.1119,
1767360409,2026-01-02 21:26:49,89534.22,54.14,,,,,78.87,0.889,317.93,0.2229,239.06,0.7771,78.87,1.1119,
1767360410,2026-01-02 21:26:50,89534.22,54.14,,,,,78.87,0.889,317.93,0.2229,239.06,0.7771,78.87,1.1119,
1767360411,2026-01-02 21:26:51,89534.22,54.14,,,,,78.87,0.889,317.93,0.2229,239.06,0.7771,78.87,1.1119,
1767360412,2026-01-02 21:26:52,89534.22,54.14,,,,,78.87,0.889,317.93,0.2229,239.06,0.7771,78.87,1.1119,
1767360413,2026-01-02 21:26:53,89534.22,54.14,,,,,78.87,0.889,317.93,0.2229,239.06,0.7771,78.87,1.1119,
1767360414,2026-01-02 21:26:54,89534.22,54.14,,,,,78.87,0.889,317.93,0.2229,239.06,0.7771,78.87,1.1119,
1767360415,2026-01-02 21:26:55,89534.23,54.15,,,,,78.87,0.889,317.93,0.2229,239.06,0.7771,78.87,1.1119,
1767360416,2026-01-02 21:26:56,89534.23,54.15,,,,,78.87,0.889,317.93,0.2229,239.06,0.7771,78.87,1.1119,
1767360417,2026-01-02 21:26:57,89534.23,54.15,,,,,78.87,0.889,317.93,0.2229,239.06,0.7771,78.87,1.1119,
1767360418,2026-01-02 21:26:58,89534.23,54.15,,,,,78.87,0.889,317.93,0.2229,239.06,0.7771,78.87,1.1119,
1767360419,2026-01-02 21:26:59,89534.23,54.15,,,,,78.87,0.889,317.93,0.2229,239.06,0.7771,78.87,1.1119,
1767360420,2026-01-02 21:27:00,89534.23,54.15,,,,,78.87,0.889,317.93,0.2229,239.06,0.7771,78.87,1.1119,
1767360421,2026-01-02 21:27:01,89534.23,54.15,,,,,78.87,0.889,317.93,0.2229,239.06,0.7771,78.87,1.1119,
1767360422,2026-01-02 21:27:02,89534.23,54.15,,,,,78.87,0.889,317.93,0.2229,239.06,0.7771,78.87,1.1119,
1767360423,2026-01-02 21:27:03,89534.23,54.15,,,,,78.87,0.889,317.93,0.2229,239.06,0.7771,78.87,1.1119,
1767360424,2026-01-02 21:27:04,89534.23,54.15,,,,,78.87,0.889,317.93,0.2229,239.06,0.7771,78.87,1.1119,
1767360425,2026-01-02 21:27:05,89534.23,54.15,,,,,78.87,0.889,317.93,0.2229,239.06,0.7771,78.87,1.1119,
1767360426,2026-01-02 21:27:06,89534.23,54.15,,,,,78.87,0.889,317.93,0.2229,239.06,0.7771,78.87,1.1119,
1767360427,2026-01-02 21:27:07,89534.23,54.15,,,,,78.87,0.889,317.93,0.2229,239.06,0.7771,78.87,1.1119,
1767360428,2026-01-02 21:27:08,89534.23,54.15,,,,,78.87,0.889,317.93,0.2229,239.06,0.7771,78.87,1.1119,
1767360429,2026-01-02 21:27:09,89534.23,54.15,,,,,78.87,0.889,317.93,0.2229,239.06,0.7771,78.87,1.1119,
1767360430,2026-01-02 21:27:10,89534.23,54.15,,,,,78.87,0.889,317.93,0.2229,239.06,0.7771,78.87,1.1119,
1767360431,2026-01-02 21:27:11,89534.22,54.14,,,,,78.87,0.889,317.93,0.2229,239.06,0.7771,78.87,1.1119,
1767360432,2026-01-02 21:27:12,89534.22,54.14,,,,,78.87,0.889,317.93,0.2229,239.06,0.7771,78.87,1.1119,
1767360433,2026-01-02 21:27:13,89534.22,54.14,,,,,78.87,0.889,317.93,0.2229,239.06,0.7771,78.87,1.1119,
1767360434,2026-01-02 21:27:14,89534.22,54.14,,,,,78.87,0.889,317.93,0.2229,239.06,0.7771,78.87,1.1119,
1767360435,2026-01-02 21:27:15,89534.23,54.15,,,,,78.87,0.889,317.93,0.2229,239.06,0.7771,78.87,1.1119,
1767360436,2026-01-02 21:27:16,89534.23,54.15,,,,,78.87,0.889,317.93,0.2229,239.06,0.7771,78.87,1.1119,
1767360437,2026-01-02 21:27:17,89534.23,54.15,,,,,78.87,0.889,317.93,0.2229,239.06,0.7771,78.87,1.1119,
1767360438,2026-01-02 21:27:18,89534.23,54.15,,,,,78.87,0.889,317.93,0.2229,239.06,0.7771,78.87,1.1119,
1767360439,2026-01-02 21:27:19,89534.22,54.14,,,,,78.87,0.889,317.93,0.2229,239.06,0.7771,78.87,1.1119,
1767360440,2026-01-02 21:27:20,89534.22,54.14,,,,,78.87,0.889,317.93,0.2229,239.06,0.7771,78.87,1.1119,
1767360441,2026-01-02 21:27:21,89529.86,49.78,,,,,78.87,0.889,317.93,0.2229,239.06,0.7771,78.87,1.1119,
1767360442,2026-01-02 21:27:22,89529.86,49.78,,,,,78.87,0.889,317.93,0.2229,239.06,0.7771,78.87,1.1119,
1767360443,2026-01-02 21:27:23,89529.87,49.79,,,,,78.87,0.889,317.93,0.2229,239.06,0.7771,78.87,1.1119,
1767360444,2026-01-02 21:27:24,89529.87,49.79,,,,,78.87,0.889,317.93,0.2229,239.06,0.7771,78.87,1.1119,
1767360445,2026-01-02 21:27:25,89529.86,49.78,,,,,78.87,0.889,317.93,0.2229,239.06,0.7771,78.87,1.1119,
1767360446,2026-01-02 21:27:26,89529.87,49.79,,,,,78.87,0.889,317.93,0.2229,239.06,0.7771,78.87,1.1119,
1767360447,2026-01-02 21:27:27,89529.86,49.78,,,,,78.87,0.889,317.93,0.2229,239.06,0.7771,78.87,1.1119,
1767360448,2026-01-02 21:27:28,89529.86,49.78,,,,,78.87,0.889,317.93,0.2229,239.06,0.7771,78.87,1.1119,
1767360449,2026-01-02 21:27:29,89529.87,49.79,,,,,78.87,0.889,317.93,0.2229,239.06,0.7771,78.87,1.1119,
1767360450,2026-01-02 21:27:30,89529.87,49.79,,,,,78.87,0.889,317.93,0.2229,239.06,0.7771,78.87,1.1119,
1767360451,2026-01-02 21:27:31,89529.87,49.79,,,,,78.87,0.889,317.93,0.2229,239.06,0.7771,78.87,1.1119,
1767360452,2026-01-02 21:27:32,89529.87,49.79,,,,,78.87,0.889,317.93,0.2229,239.06,0.7771,78.87,1.1119,
1767360453,2026-01-02 21:27:33,89529.87,49.79,,,,,78.87,0.889,317.93,0.2229,239.06,0.7771,78.87,1.1119,
1767360454,2026-01-02 21:27:34,89529.86,49.78,,,,,78.87,0.889,317.93,0.2229,239.06,0.7771,78.87,1.1119,
1767360455,2026-01-02 21:27:35,89529.87,49.79,,,,,78.87,0.889,317.93,0.2229,239.06,0.7771,78.87,1.1119,
1767360456,2026-01-02 21:27:36,89529.87,49.79,,,,,78.87,0.889,317.93,0.2229,239.06,0.7771,78.87,1.1119,
1767360457,2026-01-02 21:27:37,89529.87,49.79,,,,,78.87,0.889,317.93,0.2229,239.06,0.7771,78.87,1.1119,
1767360458,2026-01-02 21:27:38,89529.86,49.78,,,,,78.87,0.889,317.93,0.2229,239.06,0.7771,78.87,1.1119,
1767360459,2026-01-02 21:27:39,89529.87,49.79,,,,,78.87,0.889,317.93,0.2229,239.06,0.7771,78.87,1.1119,
1767360460,2026-01-02 21:27:40,89529.87,49.79,,,,,78.87,0.889,317.93,0.2229,239.06,0.7771,78.87,1.1119,
1767360461,2026-01-02 21:27:41,89529.87,49.79,,,,,78.87,0.889,317.93,0.2229,239.06,0.7771,78.87,1.1119,
1767360462,2026-01-02 21:27:42,89529.87,49.79,,,,,78.87,0.889,317.93,0.2229,239.06,0.7771,78.87,1.1119,
1767360463,2026-01-02 21:27:43,89529.87,49.79,,,,,78.87,0.889,317.93,0.2229,239.06,0.7771,78.87,1.1119,
1767360464,2026-01-02 21:27:44,89529.86,49.78,,,,,78.87,0.889,317.93,0.2229,239.06,0.7771,78.87,1.1119,
1767360465,2026-01-02 21:27:45,89529.86,49.78,,,,,78.87,0.889,317.93,0.2229,239.06,0.7771,78.87,1.1119,
1767360466,2026-01-02 21:27:46,89529.86,49.78,,,,,78.87,0.889,317.93,0.2229,239.06,0.7771,78.87,1.1119,
1767360467,2026-01-02 21:27:47,89529.86,49.78,,,,,78.87,0.889,317.93,0.2229,239.06,0.7771,78.87,1.1119,
1767360468,2026-01-02 21:27:48,89529.86,49.78,,,,,78.87,0.889,317.93,0.2229,239.06,0.7771,78.87,1.1119,
1767360469,2026-01-02 21:27:49,89529.86,49.78,,,,,78.87,0.889,317.93,0.2229,239.06,0.7771,78.87,1.1119,
1767360470,2026-01-02 21:27:50,89529.86,49.78,,,,,78.87,0.889,317.93,0.2229,239.06,0.7771,78.87,1.1119,
1767360471,2026-01-02 21:27:51,89529.86,49.78,,,,,78.87,0.889,317.93,0.2229,239.06,0.7771,78.87,1.1119,
1767360472,2026-01-02 21:27:52,89529.86,49.78,,,,,78.87,0.889,317.93,0.2229,239.06,0.7771,78.87,1.1119,
1767360473,2026-01-02 21:27:53,89529.86,49.78,,,,,78.87,0.889,317.93,0.2229,239.06,0.7771,78.87,1.1119,
1767360474,2026-01-02 21:27:54,89529.86,49.78,,,,,78.87,0.889,317.93,0.2229,239.06,0.7771,78.87,1.1119,
1767360475,2026-01-02 21:27:55,89529.86,49.78,,,,,78.87,0.889,317.93,0.2229,239.06,0.7771,78.87,1.1119,
1767360476,2026-01-02 21:27:56,89529.86,49.78,,,,,78.87,0.889,317.93,0.2229,239.06,0.7771,78.87,1.1119,
1767360477,2026-01-02 21:27:57,89529.86,49.78,,,,,78.87,0.889,317.93,0.2229,239.06,0.7771,78.87,1.1119,
1767360478,2026-01-02 21:27:58,89529.86,49.78,,,,,78.87,0.889,317.93,0.2229,239.06,0.7771,78.87,1.1119,
1767360479,2026-01-02 21:27:59,89529.87,49.79,,,,,78.87,0.889,317.93,0.2229,239.06,0.7771,78.87,1.1119,
1767360480,2026-01-02 21:28:00,89529.87,49.79,,,,,78.87,0.889,317.93,0.2229,239.06,0.7771,78.87,1.1119,
1767360481,2026-01-02 21:28:01,89526.59,46.51,,,,,78.87,0.889,317.93,0.2229,239.06,0.7771,78.87,1.1119,
1767360482,2026-01-02 21:28:02,89526.59,46.51,,,,,78.87,0.889,317.93,0.2229,239.06,0.7771,78.87,1.1119,
1767360483,2026-01-02 21:28:03,89526.59,46.51,,,,,78.87,0.889,317.93,0.2229,239.06,0.7771,78.87,1.1119,
1767360484,2026-01-02 21:28:04,89526.59,46.51,,,,,78.87,0.889,317.93,0.2229,239.06,0.7771,78.87,1.1119,
1767360485,2026-01-02 21:28:05,89526.59,46.51,,,,,78.87,0.889,317.93,0.2229,239.06,0.7771,78.87,1.1119,
1767360486,2026-01-02 21:28:06,89526.59,46.51,,,,,78.87,0.889,317.93,0.2229,239.06,0.7771,78.87,1.1119,
1767360487,2026-01-02 21:28:07,89528.0,47.92,,,,,78.87,0.889,317.93,0.2229,239.06,0.7771,78.87,1.1119,
1767360488,2026-01-02 21:28:08,89528.0,47.92,,,,,78.87,0.889,317.93,0.2229,239.06,0.7771,78.87,1.1119,
1767360489,2026-01-02 21:28:09,89528.0,47.92,,,,,78.87,0.889,317.93,0.2229,239.06,0.7771,78.87,1.1119,
1767360490,2026-01-02 21:28:10,89528.0,47.92,,,,,78.87,0.889,317.93,0.2229,239.06,0.7771,78.87,1.1119,
1767360491,2026-01-02 21:28:11,89528.0,47.92,,,,,78.87,0.889,317.93,0.2229,239.06,0.7771,78.87,1.1119,
1767360492,2026-01-02 21:28:12,89528.0,47.92,,,,,78.87,0.889,317.93,0.2229,239.06,0.7771,78.87,1.1119,
1767360493,2026-01-02 21:28:13,89543.6,63.52,,,,,78.87,0.889,317.93,0.2229,239.06,0.7771,78.87,1.1119,
1767360494,2026-01-02 21:28:14,89543.66,63.58,,,,,78.87,0.889,317.93,0.2229,239.06,0.7771,78.87,1.1119,
1767360495,2026-01-02 21:28:15,89543.66,63.58,,,,,78.87,0.889,317.93,0.2229,239.06,0.7771,78.87,1.1119,
1767360496,2026-01-02 21:28:16,89543.66,63.58,,,,,78.87,0.889,317.93,0.2229,239.06,0.7771,78.87,1.1119,
1767360497,2026-01-02 21:28:17,89543.65,63.57,,,,,78.87,0.889,317.93,0.2229,239.06,0.7771,78.87,1.1119,
1767360498,2026-01-02 21:28:18,89543.65,63.57,,,,,78.87,0.889,317.93,0.2229,239.06,0.7771,78.87,1.1119,
1767360499,2026-01-02 21:28:19,89543.65,63.57,,,,,78.87,0.889,317.93,0.2229,239.06,0.7771,78.87,1.1119,
1767360500,2026-01-02 21:28:20,89543.65,63.57,,,,,78.87,0.889,317.93,0.2229,239.06,0.7771,78.87,1.1119,
1767360501,2026-01-02 21:28:21,89543.66,63.58,,,,,78.87,0.889,317.93,0.2229,239.06,0.7771,78.87,1.1119,
1767360502,2026-01-02 21:28:22,89543.66,63.58,,,,,78.87,0.889,317.93,0.2229,239.06,0.7771,78.87,1.1119,
1767360503,2026-01-02 21:28:23,89543.66,63.58,,,,,78.87,0.889,317.93,0.2229,239.06,0.7771,78.87,1.1119,
1767360504,2026-01-02 21:28:24,89543.65,63.57,,,,,78.87,0.889,317.93,0.2229,239.06,0.7771,78.87,1.1119,
1767360505,2026-01-02 21:28:25,89543.65,63.57,,,,,78.87,0.889,317.93,0.2229,239.06,0.7771,78.87,1.1119,
1767360506,2026-01-02 21:28:26,89543.65,63.57,,,,,78.87,0.889,317.93,0.2229,239.06,0.7771,78.87,1.1119,
1767360507,2026-01-02 21:28:27,89543.66,63.58,,,,,78.87,0.889,317.93,0.2229,239.06,0.7771,78.87,1.1119,
1767360508,2026-01-02 21:28:28,89543.65,63.57,,,,,78.87,0.889,317.93,0.2229,239.06,0.7771,78.87,1.1119,
1767360509,2026-01-02 21:28:29,89543.65,63.57,,,,,78.87,0.889,317.93,0.2229,239.06,0.7771,78.87,1.1119,
1767360510,2026-01-02 21:28:30,89543.66,63.58,,,,,78.87,0.889,317.93,0.2229,239.06,0.7771,78.87,1.1119,
1767360511,2026-01-02 21:28:31,89543.66,63.58,,,,,78.87,0.889,317.93,0.2229,239.06,0.7771,78.87,1.1119,
1767360512,2026-01-02 21:28:32,89543.66,63.58,,,,,78.87,0.889,317.93,0.2229,239.06,0.7771,78.87,1.1119,
1767360513,2026-01-02 21:28:33,89535.0,54.92,,,,,78.87,0.889,317.93,0.2229,239.06,0.7771,78.87,1.1119,
1767360514,2026-01-02 21:28:34,89535.0,54.92,,,,,78.87,0.889,317.93,0.2229,239.06,0.7771,78.87,1.1119,
1767360515,2026-01-02 21:28:35,89535.01,54.93,,,,,78.87,0.889,317.93,0.2229,239.06,0.7771,78.87,1.1119,
1767360516,2026-01-02 21:28:36,89535.01,54.93,,,,,78.87,0.889,317.93,0.2229,239.06,0.7771,78.87,1.1119,
1767360517,2026-01-02 21:28:37,89535.01,54.93,,,,,78.87,0.889,317.93,0.2229,239.06,0.7771,78.87,1.1119,
1767360518,2026-01-02 21:28:38,89531.78,51.7,,,,,78.87,0.889,317.93,0.2229,239.06,0.7771,78.87,1.1119,
1767360519,2026-01-02 21:28:39,89531.79,51.71,,,,,78.87,0.889,317.93,0.2229,239.06,0.7771,78.87,1.1119,
1767360520,2026-01-02 21:28:40,89531.78,51.7,,,,,78.87,0.889,317.93,0.2229,239.06,0.7771,78.87,1.1119,
1767360521,2026-01-02 21:28:41,89531.78,51.7,,,,,78.87,0.889,317.93,0.2229,239.06,0.7771,78.87,1.1119,
1767360522,2026-01-02 21:28:42,89525.72,45.64,,,,,78.87,0.889,317.93,0.2229,239.06,0.7771,78.87,1.1119,
1767360523,2026-01-02 21:28:43,89525.72,45.64,,,,,78.87,0.889,317.93,0.2229,239.06,0.7771,78.87,1.1119,
1767360524,2026-01-02 21:28:44,89525.72,45.64,,,,,78.87,0.889,317.93,0.2229,239.06,0.7771,78.87,1.1119,
1767360525,2026-01-02 21:28:45,89525.72,45.64,,,,,78.87,0.889,317.93,0.2229,239.06,0.7771,78.87,1.1119,
1767360526,2026-01-02 21:28:46,89525.73,45.65,,,,,78.87,0.889,317.93,0.2229,239.06,0.7771,78.87,1.1119,
1767360527,2026-01-02 21:28:47,89512.01,31.93,,,,,78.87,0.889,317.93,0.2229,239.06,0.7771,78.87,1.1119,
1767360528,2026-01-02 21:28:48,89504.97,24.89,,,,,78.87,0.889,317.93,0.2229,239.06,0.7771,78.87,1.1119,
1767360529,2026-01-02 21:28:49,89504.97,24.89,,,,,78.87,0.889,317.93,0.2229,239.06,0.7771,78.87,1.1119,
1767360530,2026-01-02 21:28:50,89504.97,24.89,,,,,78.87,0.889,317.93,0.2229,239.06,0.7771,78.87,1.1119,
1767360531,2026-01-02 21:28:51,89504.98,24.9,,,,,78.87,0.889,317.93,0.2229,239.06,0.7771,78.87,1.1119,
1767360532,2026-01-02 21:28:52,89517.36,37.28,,,,,78.87,0.889,317.93,0.2229,239.06,0.7771,78.87,1.1119,
1767360533,2026-01-02 21:28:53,89520.78,40.7,,,,,78.87,0.889,317.93,0.2229,239.06,0.7771,78.87,1.1119,
1767360534,2026-01-02 21:28:54,89520.78,40.7,,,,,78.87,0.889,317.93,0.2229,239.06,0.7771,78.87,1.1119,
1767360535,2026-01-02 21:28:55,89520.78,40.7,,,,,78.87,0.889,317.93,0.2229,239.06,0.7771,78.87,1.1119,
1767360536,2026-01-02 21:28:56,89520.78,40.7,,,,,78.87,0.889,317.93,0.2229,239.06,0.7771,78.87,1.1119,
1767360537,2026-01-02 21:28:57,89520.78,40.7,,,,,78.87,0.889,317.93,0.2229,239.06,0.7771,78.87,1.1119,
1767360538,2026-01-02 21:28:58,89538.24,58.16,,,,,78.87,0.889,317.93,0.2229,239.06,0.7771,78.87,1.1119,
1767360539,2026-01-02 21:28:59,89524.0,43.92,,,,,78.87,0.889,317.93,0.2229,239.06,0.7771,78.87,1.1119,
1767360540,2026-01-02 21:29:00,89524.38,44.3,,,,,78.87,0.889,317.93,0.2229,239.06,0.7771,78.87,1.1119,
1767360541,2026-01-02 21:29:01,89524.38,44.3,,,,,78.87,0.889,317.93,0.2229,239.06,0.7771,78.87,1.1119,
1767360542,2026-01-02 21:29:02,89524.38,44.3,,,,,78.87,0.889,317.93,0.2229,239.06,0.7771,78.87,1.1119,
1767360543,2026-01-02 21:29:03,89524.38,44.3,,,,,78.87,0.889,317.93,0.2229,239.06,0.7771,78.87,1.1119,
1767360544,2026-01-02 21:29:04,89524.38,44.3,,,,,78.87,0.889,317.93,0.2229,239.06,0.7771,78.87,1.1119,
1767360545,2026-01-02 21:29:05,89524.39,44.31,,,,,78.87,0.889,317.93,0.2229,239.06,0.7771,78.87,1.1119,
1767360546,2026-01-02 21:29:06,89524.39,44.31,,,,,78.87,0.889,317.93,0.2229,239.06,0.7771,78.87,1.1119,
1767360547,2026-01-02 21:29:07,89524.39,44.31,,,,,78.87,0.889,317.93,0.2229,239.06,0.7771,78.87,1.1119,
1767360548,2026-01-02 21:29:08,89524.39,44.31,,,,,78.87,0.889,317.93,0.2229,239.06,0.7771,78.87,1.1119,
1767360549,2026-01-02 21:29:09,89524.39,44.31,,,,,78.87,0.889,317.93,0.2229,239.06,0.7771,78.87,1.1119,
1767360550,2026-01-02 21:29:10,89524.39,44.31,,,,,78.87,0.889,317.93,0.2229,239.06,0.7771,78.87,1.1119,
1767360551,2026-01-02 21:29:11,89524.39,44.31,,,,,78.87,0.889,317.93,0.2229,239.06,0.7771,78.87,1.1119,
1767360552,2026-01-02 21:29:12,89524.39,44.31,,,,,78.87,0.889,317.93,0.2229,239.06,0.7771,78.87,1.1119,
1767360553,2026-01-02 21:29:13,89524.38,44.3,,,,,78.87,0.889,317.93,0.2229,239.06,0.7771,78.87,1.1119,
1767360554,2026-01-02 21:29:14,89524.38,44.3,,,,,78.87,0.889,317.93,0.2229,239.06,0.7771,78.87,1.1119,
1767360555,2026-01-02 21:29:15,89524.38,44.3,,,,,78.87,0.889,317.93,0.2229,239.06,0.7771,78.87,1.1119,
1767360556,2026-01-02 21:29:16,89524.38,44.3,,,,,78.87,0.889,317.93,0.2229,239.06,0.7771,78.87,1.1119,
1767360557,2026-01-02 21:29:17,89524.38,44.3,,,,,78.87,0.889,317.93,0.2229,239.06,0.7771,78.87,1.1119,
1767360558,2026-01-02 21:29:18,89524.38,44.3,,,,,78.87,0.889,317.93,0.2229,239.06,0.7771,78.87,1.1119,
1767360559,2026-01-02 21:29:19,89524.38,44.3,,,,,78.87,0.889,317.93,0.2229,239.06,0.7771,78.87,1.1119,
1767360560,2026-01-02 21:29:20,89524.38,44.3,,,,,78.87,0.889,317.93,0.2229,239.06,0.7771,78.87,1.1119,
1767360561,2026-01-02 21:29:21,89524.39,44.31,,,,,78.87,0.889,317.93,0.2229,239.06,0.7771,78.87,1.1119,
1767360562,2026-01-02 21:29:22,89524.39,44.31,,,,,78.87,0.889,317.93,0.2229,239.06,0.7771,78.87,1.1119,
1767360563,2026-01-02 21:29:23,89524.39,44.31,,,,,78.87,0.889,317.93,0.2229,239.06,0.7771,78.87,1.1119,
1767360564,2026-01-02 21:29:24,89524.39,44.31,,,,,78.87,0.889,317.93,0.2229,239.06,0.7771,78.87,1.1119,
1767360565,2026-01-02 21:29:25,89524.39,44.31,,,,,78.87,0.889,317.93,0.2229,239.06,0.7771,78.87,1.1119,
1767360566,2026-01-02 21:29:26,89524.39,44.31,,,,,78.87,0.889,317.93,0.2229,239.06,0.7771,78.87,1.1119,
1767360567,2026-01-02 21:29:27,89524.38,44.3,,,,,78.87,0.889,317.93,0.2229,239.06,0.7771,78.87,1.1119,
1767360568,2026-01-02 21:29:28,89524.38,44.3,,,,,78.87,0.889,317.93,0.2229,239.06,0.7771,78.87,1.1119,
1767360569,2026-01-02 21:29:29,89524.38,44.3,,,,,78.87,0.889,317.93,0.2229,239.06,0.7771,78.87,1.1119,
1767360570,2026-01-02 21:29:30,89524.38,44.3,,,,,78.87,0.889,317.93,0.2229,239.06,0.7771,78.87,1.1119,
1767360571,2026-01-02 21:29:31,89518.48,38.4,,,,,78.87,0.889,317.93,0.2229,239.06,0.7771,78.87,1.1119,
1767360572,2026-01-02 21:29:32,89518.48,38.4,,,,,78.87,0.889,317.93,0.2229,239.06,0.7771,78.87,1.1119,
1767360573,2026-01-02 21:29:33,89517.7,37.62,,,,,78.87,0.889,317.93,0.2229,239.06,0.7771,78.87,1.1119,
1767360574,2026-01-02 21:29:34,89517.7,37.62,,,,,78.87,0.889,317.93,0.2229,239.06,0.7771,78.87,1.1119,
1767360575,2026-01-02 21:29:35,89513.1,33.02,,,,,78.87,0.889,317.93,0.2229,239.06,0.7771,78.87,1.1119,
1767360576,2026-01-02 21:29:36,89513.1,33.02,,,,,78.87,0.889,317.93,0.2229,239.06,0.7771,78.87,1.1119,
1767360577,2026-01-02 21:29:37,89507.99,27.91,,,,,78.87,0.889,317.93,0.2229,239.06,0.7771,78.87,1.1119,
1767360578,2026-01-02 21:29:38,89507.99,27.91,,,,,78.87,0.889,317.93,0.2229,239.06,0.7771,78.87,1.1119,
1767360579,2026-01-02 21:29:39,89505.0,24.92,,,,,78.87,0.889,317.93,0.2229,239.06,0.7771,78.87,1.1119,
1767360580,2026-01-02 21:29:40,89505.0,24.92,,,,,78.87,0.889,317.93,0.2229,239.06,0.7771,78.87,1.1119,
1767360581,2026-01-02 21:29:41,89501.74,21.66,,,,,78.87,0.889,317.93,0.2229,239.06,0.7771,78.87,1.1119,
1767360582,2026-01-02 21:29:42,89501.74,21.66,,,,,78.87,0.889,317.93,0.2229,239.06,0.7771,78.87,1.1119,
1767360583,2026-01-02 21:29:43,89501.74,21.66,,,,,78.87,0.889,317.93,0.2229,239.06,0.7771,78.87,1.1119,
1767360584,2026-01-02 21:29:44,89501.74,21.66,,,,,78.87,0.889,317.93,0.2229,239.06,0.7771,78.87,1.1119,
1767360585,2026-01-02 21:29:45,89501.75,21.67,,,,,78.87,0.889,317.93,0.2229,239.06,0.7771,78.87,1.1119,
1767360586,2026-01-02 21:29:46,89501.74,21.66,,,,,78.87,0.889,317.93,0.2229,239.06,0.7771,78.87,1.1119,
1767360587,2026-01-02 21:29:47,89501.74,21.66,,,,,78.87,0.889,317.93,0.2229,239.06,0.7771,78.87,1.1119,
1767360588,2026-01-02 21:29:48,89496.9,16.82,,,,,78.87,0.889,317.93,0.2229,239.06,0.7771,78.87,1.1119,
1767360589,2026-01-02 21:29:49,89496.91,16.83,,,,,78.87,0.889,317.93,0.2229,239.06,0.7771,78.87,1.1119,
1767360590,2026-01-02 21:29:50,89496.91,16.83,,,,,78.87,0.889,317.93,0.2229,239.06,0.7771,78.87,1.1119,
1767360591,2026-01-02 21:29:51,89496.91,16.83,,,,,78.87,0.889,317.93,0.2229,239.06,0.7771,78.87,1.1119,
1767360592,2026-01-02 21:29:52,89496.91,16.83,,,,,78.87,0.889,317.93,0.2229,239.06,0.7771,78.87,1.1119,
1767360593,2026-01-02 21:29:53,89496.9,16.82,,,,,78.87,0.889,317.93,0.2229,239.06,0.7771,78.87,1.1119,
1767360594,2026-01-02 21:29:54,89496.9,16.82,,,,,78.87,0.889,317.93,0.2229,239.06,0.7771,78.87,1.1119,
1767360595,2026-01-02 21:29:55,89496.9,16.82,,,,,78.87,0.889,317.93,0.2229,239.06,0.7771,78.87,1.1119,
1767360596,2026-01-02 21:29:56,89496.9,16.82,,,,,78.87,0.889,317.93,0.2229,239.06,0.7771,78.87,1.1119,
1767360597,2026-01-02 21:29:57,89496.9,16.82,,,,,78.87,0.889,317.93,0.2229,239.06,0.7771,78.87,1.1119,
1767360598,2026-01-02 21:29:58,89496.9,16.82,,,,,78.87,0.889,317.93,0.2229,239.06,0.7771,78.87,1.1119,
1767360599,2026-01-02 21:29:59,89496.9,16.82,,,,,78.87,0.889,317.93,0.2229,239.06,0.7771,78.87,1.1119,
1767360600,2026-01-02 21:30:00,89496.9,16.82,,,,,78.87,0.889,317.93,0.2229,239.06,0.7771,78.87,1.1119,
